Product_id,Selling_Price
SCHE4YSTDVPVZVXW,3597.5
ACCEGCATKHNRXUHW,2317.75
NKCE6GJ5XVJDXNNZ,11125.0
NKCEB8BK3ZXDHDHM,9039.75
TOPEFDXSAHRNPF94,5650.0
ACCE558KZHEPZYMG,8849.5
ACCEAZCVAMFHDPY7,5051.5
NKCDYNY37JPBGBVM,2870.5
NKCEY8KWY33FCUYD,7234.0
RNGE4YPTQYRECV9J,4523.5
NKCE88AHBHJZREXH,4191.75
CLTEJ5ZZGBP4JGGE,7482.5
WATE3NWH5FZWAMDA,7405.5
CAGE53FSFZVFPFHQ,2093.75
PCSEAKVBFFPGCHNZ,3913.75
WATDFFH3KJYBTYGG,6958.25
NKCDWHFQSCHHYZMP,3049.75
RNGEB2PG3Q5RKDW6,3642.0
NKCE5UY9HHPZGGUZ,4536.25
KTAEHETW3ZCMFMJR,4300.0
BRAEBBYRVF9MHJHU,7239.0
NKCEAX7HAQ2RJA3Q,9862.75
CRTECN2RQZWBSP9W,5087.75
WATDEWZ9UHSEHGZG,9144.25
PTPEYW8HNV6G9YYR,3163.75
ACCEAMGZRRYVAHDC,5041.0
SRTEHHXG8MUXTGPA,5946.0
SKIE4S4NN4MHYM3Z,4939.25
HMBE7G34YHWPWKYN,7059.75
LLIEGTMFJBD7ZZZM,12954.0
ACCEJGH6JVTM4CBH,1243.25
ACCDQDYBXJ9HZF37,9503.0
RNGE88FRGZCXNKUG,196.5
NKCE7M3QNNPZDXHQ,9757.0
VLBEGFFDP9H6WG2T,3661.75
TOPEAFG4YEQSH5TT,2880.0
WATEYAP3K2QQQWDH,5337.25
PCSEBDFUFJWGARNX,9924.25
SWTEGXQFZY95SKG7,4873.25
BRAEGJFXSM9ZQ6SK,6247.5
CAGE6FYKP34GA4GF,7131.0
HMBEJCMH78VJF3M8,4536.5
HIFEB7J3GSTVN5XJ,10061.75
PBXE6ZHNGZREWWHR,4683.0
PCSEAKVBNXFGZBKB,6667.5
BRAEBBMQQNZ9RZWR,5716.25
ACCEGKFCXHZZH44S,568.0
SHODXQRRGKZ74U9M,4472.25
DREE2Y6DVEKVVQQS,4549.75
PBXE8ZHHG5Y525BT,6805.0
CTTEH9FXZHGFKUA3,7810.25
ACCDXFZXGQTBTM6N,3766.25
NKCE9PFF3TT4KSQJ,7496.5
BRAE6NZAZK77HXZK,1461.0
NKCE4TV42BHDP63U,3581.0
AIREDGGD9RJPZGYW,5603.5
PCSEDAPMHR2HNHWP,7863.75
PACE95FMAFXHZB5C,4563.0
WATDG4KP445AV5XC,12776.5
ACCE9EYRRNZYZUBG,952.5
ACCE8XZMAHNC8JVS,36.5
SHOED5DCSTQKZCGF,3914.0
NKCE64Z4NGBHNAY7,3849.0
PBXE8WQTZ5GA2YYQ,1441.5
MUGEGZUMGYAPVSZH,4851.5
PBXE4RB3Y3GXWPFV,221.5
PCSE2ZFDJJGFNHC7,263.5
CRTECN2QT5HKHZ8F,4918.5
MUGEACY8Q7ZYSTN8,2074.25
ACCEGG9VGRMQGHRD,6970.5
PCSE76X48PVSDDVK,1623.0
PBXE6677X2D6UFZZ,5710.0
WCKEGGGD2TXHHTJC,1785.5
NKCE7MMGF4PPGNA6,3120.75
CRTECN2QYTPHK5YQ,5029.25
OIDEJFCWMMR6JQBE,5691.75
WATE5HFY4MJX6CHD,5383.0
DREE4FC4TAR8M5GN,4602.5
HACEGPF9DZVUZBFY,7767.25
PBXE4Q7YF5KUYJYW,10971.5
SHIED9YEH65NSA8N,9877.75
WATDHMQJ68MVBRFV,12754.75
HMBEGWTFEV4TF2RH,3463.5
SHIE2FH7YTVDHFGT,3286.75
CRTECN2QYRY2KWZF,4384.25
TSHEDJXPN4HNT2UP,6056.0
SHOECZH5WGBZHZES,2917.0
NKCEDCT9MSAYG6H5,5340.5
SOCEGGVYBTZPKXVP,4500.5
PBXECARAQBCDSAZW,3731.0
CAGDU85YDHP9ZJH7,2675.5
TCVEHSMFEGNCAGYN,5065.5
RNGEDAPFZ2GKRUER,1224.0
CAGDY9Q7HSNDHGFC,3740.75
NKCECKHYZVHBQU9F,868.75
NKCDQSVCRH8W73GF,6494.0
WATD9H76RKGUUZHY,13336.25
NKCE5HYVDQVATMKF,2279.25
RNGE9GWMKVHGEYZG,4303.75
SHOEAGUMMWFABHUT,3522.0
SWDEGZMPYQGNEBHG,5108.5
TOPEFDXSHZPHCUAU,8780.5
CAGDU85Y85GDJGUD,1636.25
CAGE4BQXK3FSTRRS,3666.5
CAGDZVGTV3SMMMBY,5226.5
BEOEGXRVQPCKJHYC,3769.5
NKCE9YFBBYBM88DR,3451.0
DREECZGZVWGQM23M,4332.5
PBXECYF3YHWYG4UN,2038.75
WATEBG8FGBPUPKCV,4817.0
SHIEEJG9RRDUH9XG,3519.25
CRTECN2QXAPEWXSF,2808.5
BRAEE6YMSYPNCUX3,1691.0
WATE9MVXJXHZHEJU,3490.75
RNGDREYRQQGZAPQM,5598.25
CTPEGGFSNDQFAAVE,3660.0
NKCEF2RFAPHSHZZZ,4191.25
TOPDYAZZG5NU7ZBZ,6939.0
PBXE7QPWMSS5XGPZ,2422.25
PCSECV3FHFAQ9T36,11338.25
CRNEJB4NBT9BTM84,5218.5
TSHEHU5RFJCTJKBV,6791.75
DREECZJC3XBKGDZT,5448.75
SUDEGGATGYXA9YBC,11301.0
BRAE8WYHTVZMFFHS,5426.25
SFFEGZBXTYFSYJQA,4329.0
ACCEABVYXNHCT8UE,5456.5
BWLE6SJE9PXGV6DD,1772.0
NKCDYQ3RHYREHHYV,4005.5
NKCECDCRWDMZEH2Z,3366.0
SRTEH2F6HUZMQ6SJ,6973.75
BRAE6KWFGZFXKPPB,3525.25
HACEJQY5FQRZZUGM,8122.75
CAGEYUXVF2FNARKD,3507.0
NKCE7M3QTHTCGVVF,4219.0
TOPE8PBFNH9YNHFK,4752.25
BRAEDQFRZS9QFYTQ,1930.5
HMBEJCMMQR2JHFVP,2401.5
ACCDRFVG52PHVRSK,7247.75
NKCE7MBR4QRBASDQ,3454.75
NKCDWBPZNZU5K2QZ,3710.25
BRAE8HMQATXFHFGZ,3614.25
MUGEAGGKEGCPWWPN,3565.0
BKPEGXYWWJPETZZA,5259.25
SGLEGBV6ZNUJNJS9,5717.75
CAGEYUXVAKNKDUUV,6415.5
NKCEDH9ANZGDAUWG,3324.25
NKCE5EHJHS38BUWB,3617.0
PBXE9YWGRFUQXHQH,12019.75
SHIE3QDHP5RDGMZY,2940.75
RNGE9HDVMPVBYPGJ,3545.75
SCHE4YSTCUUSJWCK,2397.5
SNDEGGTV9XERMGHH,7018.25
PBXE92XFUMB7QWY6,8074.25
CRTECN2QYK2R2PUS,4303.75
TOPEEEPVYHHF9HGW,3619.0
MUGE8F5RDEYMH4YH,4036.0
NKCE52CSJ2GUY64G,2026.0
SHOE2K68QHZ3DWZF,3987.5
DREE9YJHZZHWHAU7,4180.5
NKCEACYSHS4MGKGY,12198.75
CAGECT64KH6CZVMR,13288.25
WATD9H76RG5FQT5Y,13339.5
NKCE5UY97ACC9QAZ,618.75
LJGEG6UPBW8GKPRD,4451.25
PBXEBFGFRM5797BZ,4755.5
RNGEAY8GRWYMYSAK,5058.75
SHOEF9G8WTWGAAFB,3733.25
PBXE5ZJZSAC73ZED,8386.0
NKCEYYX9HJWJXAA8,3796.75
CAGDTFSHTF6TRBFZ,4558.5
PBXE6E6YDZDNVKQH,1203.5
TROEGNQDQNGN99PJ,4462.75
CRTECN2QXC68CTUM,6288.5
CRTECN2QZNXTGGXG,5361.75
VANE4VND2XHZRCNT,1802.5
NKCE8SESMHF2VSRM,3977.75
SHOEBYY4ZDWGQGEW,7564.75
NKCEB7935AJSADGR,4000.0
SHIEBAXYS3FUTX8Z,6277.75
NKCE2YCPKAPWDH8C,3020.25
FABE92NVHZHSFHGT,3593.25
SHIE93YGTRAV6XTW,5678.75
CSOEGTPR39XZHZJY,5154.25
WATE5HFYHPFHRCHY,4748.5
BRAEBHCHY6VVRNRQ,2225.75
NKCE5QPMUZRQFDAZ,2206.25
NKCE9ABEE5HDWZSM,5844.0
SHOEJCZ28JFRY9RR,5713.5
PSLEAVTQQXEXZYYZ,4879.75
SHOE66V8UMNGZKYM,1653.75
SHIE5HBGWKWJWFRA,4021.0
TOPE4HXDZHPR9K2C,2009.25
BRAEBCTWGWYRWXHC,5429.75
TOPE6ZCJBVZY3HBH,4978.75
CRNEG7BKMFFYHQ8Z,4921.0
SHOE7DJBEPYGQPHF,4010.75
ACCEHY86UG6B63AZ,4844.5
BLBEJR23J2CTPFAU,5994.25
ACCEEV5V5VD5DR9C,1222.5
UMBEJZFHE285UEV2,5969.75
SHOEBN3FFYG75P3D,3161.5
NKCEFGFURYNWH2DR,4136.75
ETHEJG7NW4M4AFCZ,6647.0
SWSE9UH4KXCHZHRJ,3604.0
CRTECN2QZ7XUGBR6,4258.25
BRAEDNX2NHZX5PKN,9268.25
BRAE73KFJGNSP2NP,2294.5
MAHEDFPZVKF79JVQ,4066.0
NKCECRQY6MGHBPQ3,8460.75
CRTECN2QYYWUXHRP,3406.0
CPCEKY4TKBYFE7PH,5629.0
TOPEA8HNSZB8VGUR,2754.5
TOPECJZ4ZDXQZB4A,5295.25
SHIE92XGJHG4HH5E,6146.25
CRTECN2QVSZXUG7X,5004.25
BRAEBBYRUSRHZD34,7368.0
IFPEE76BG92E5SVS,5858.25
CAGEBZ7UGCZZHVTE,2590.5
CAGE3GFTPMNXPZAG,792.0
SWTEDX3KRCTNHUGY,5823.25
BBAEFKXVXVM8SYZW,7022.75
PENEGZ6RHFWHX7JX,2015.5
ETHEGFZFQT7ZCH3U,3500.75
TOPEE2FFAXQGSUZH,5312.75
CRTECN2QWAGCHYGC,4030.5
SNDEJGWQSWNHXXA3,11072.75
BHGEGTAVKNNCPUGG,12763.75
BBAEGNUNHHZEYSPD,968.5
NKCEANMPZYMHYEA3,1182.5
RNGE88Q9FH632SHU,2683.5
SNDE7PY9TG8P7YYR,1402.75
SNDEHZQ7YZAHAZYP,4860.5
CRTECN2RDAKXQHYH,3789.75
SNDEAVZ4MSGYFBUD,5854.25
RTRDWBPC23ZAYMSE,9860.25
PCSDYQEW5ZMFBVFQ,10602.25
DREECZJBH8KGCZHT,8140.5
CAGED654SQMMADH7,2300.5
MFLEYGFH8PFBVRDG,5148.75
SHIEBWNUURZ8BWDZ,4325.0
BRAECTFYXKNAVFAN,5773.0
BRAECBVGHCB2FN49,4884.0
SHOEHX7CGSEMUENU,2689.5
CRTEB774NHSDW3DV,2685.5
VLBEGZ7SZFZBUGBZ,5974.25
BRAEGJFXGYFPGHYG,4811.0
ACCEGKG4S4B7QGGT,2223.5
BBAECKHYXGE3VJXB,2208.25
BBAEDVYSEN75YZZ7,6563.75
RTRDYZCGGJFBU6XM,3609.0
CAGEBTJBB5X8GCF8,1165.75
HLUEJQ3UVGNXSPZG,7560.5
NKCE8RB5WSWKJPFR,3939.75
BRAEDFYYKNGBGPF3,6577.25
SHIE2CAJP6XBWPU2,3977.25
SHOE2GUJW6XNFG3W,397.25
TWCEJFXHGDSG5XZV,6606.75
NKCE9Z2JYUYZ2JZ3,9676.5
WATE54YZWYXR6Z7J,12108.0
SWTEEYFFFRWGKZR5,5665.0
NKCE6NHRGQJHWFDK,4979.5
NKCEYM3B6ZP3YSQQ,3885.0
PAEE8AHWJWMDAXZU,7392.75
RTRDZK8XCUEKZDFZ,262.5
TOPEHZMHJHEMRDHY,3326.0
NKCE9AZMPE3PJPEW,293.0
BRAEAR7WUYD3CZAT,2789.0
BRAEG7AYZAQBS3EH,6147.0
BRAEDQEEYYH4WRQK,4779.75
BRAE4F8NCQJFTGEZ,5584.5
MUGEACY87HUCUYCD,3930.5
BOTEDSEN9ZSFUUAQ,617.75
WATE3GEYE8JQT7WM,5835.5
TOPEB96CYHMPMDKH,2982.5
NKCE5QGT7GFDSUZK,2174.5
VESEGZRVWZEYTVMG,7043.25
SCHE4YSTHJSYEJHJ,3257.25
KLSEGT5ZUGR9FQXE,6391.75
NKCE79CGHYMSS7GH,3508.75
JEAE8CZGJ8PGGHRQ,1272.0
SHOEC8QGWFF2VXAN,3129.25
SHIE6G75RNDQSGUQ,2290.5
SHODZ5YHTEHZTR3V,4274.25
ACCEKFVVZJMTYWPK,3955.75
DRPEHGFFGQTXK3E3,3163.0
CRGE4XJBHZGHJYGU,6816.75
NKCE9Q93F3HJYGZT,1811.5
SNDEGJFV5J8CTGJV,8095.5
SUDEHYGUMT6UGYAR,3689.25
RNGE7M92HQECSUYG,6459.5
TOPE7ZHYDE2MKNHF,4260.0
NKCEBHGBEABMWDKA,5398.0
PACE7ZNHBP4FASAQ,2924.5
NKCE7A3XXTTBHHC6,4147.75
WCKE2TFYTHBHTP5B,5152.0
BRAEDTPDZSCRZCYG,5484.0
SHOEBKEYSKS87GKG,3819.25
CAGDUGFYGG2KWWK7,9855.5
SHODZDAE6FKCC8AH,392.25
SGLEGBV5STVHGKTD,5669.5
RTREBVK9HX8XJH2T,1957.5
PCSEAKVBGC7CJQZT,10061.75
MATEB88T7MVJGSG5,5616.5
WATDJYPXKHPPNGQK,7359.75
BRAE8QNFFGWGG5MY,2303.5
NKCDWBPZZSYWKHE9,2320.25
USGEJPQHT8YPZ7D8,3489.5
NKCEFKBYHXQ8VVF8,1206.25
SHOE4JCEZDRSHC4S,3483.25
ACCE9E2RT56M3GSU,4634.0
CRTECN2QXQGJ7JZD,3941.0
TOPEBS26V3JRYSF3,619.0
NKCECZNMRRVZ9YWF,2352.75
CAGE75QCGVXYV78T,2987.0
WATDG9F74GYWEH4U,6898.5
BRAE3WVQPYSZ54FF,6524.0
SWSEBHCP9JC4GQKT,4620.5
MUGEBJ7XAFVH25VD,2679.5
LJGEATZRDCFAJGYZ,5760.5
BRAEBXRB8GFZ6HM6,4498.0
RNGEDAPFZWSSMHYW,2713.0
DREEHFABXP5AUZA8,5327.5
RTRDFFYGJ4GNRSHQ,9235.0
CBREFYM9TSSUHJSQ,2991.0
PBXE6EF4PSJX9WXH,4035.5
CRTEHSS9UZJZYMZD,1367.75
DRPEHYHG9YYHD2HH,4627.5
CAGE9AGR4VWWTDY4,7356.25
AVCEJCJQWBYMNPGU,2448.25
BRAE7T3WADAJU4ZS,2404.0
TPYEGGUFSKXJFYY5,6876.5
SUDEHYGU4GE9UCXJ,5465.5
FABEB2TXH4MGQC2H,5074.0
NKCE9G2BZAGKXPGY,4610.75
TOPE8H5DJWGAY2CD,9077.25
BBAEGGF3HF3ZPBVG,2146.5
ACCEC87TREZYJJPE,6509.25
DRPEHYHMEZHDYRK5,4092.25
NKCE5VAAPVP5DGMZ,678.0
NKCEBZN92EJ7PDFH,3711.75
ACCDXFPYT58AGGAF,6968.0
MUGEGZUHX744RFEN,5720.25
RNGE8Z3KSHGCMSCP,3208.5
SHIEYZ3F3QWMYNEC,3476.75
SHOEJCZ2JNGJSPEJ,7659.5
CRTEB774RSGGQZ9U,3699.5
BRAE8AJZW5QBNWAZ,2702.25
CRTECN2QZ8CWZEFZ,5626.5
SHIE9FMZAH4U4H6Z,1155.0
CAGE68FFYRMDRF3X,8508.25
NKCE3GNVPGUYY8AZ,3599.5
PCSE4ZQ8TRUZDMEU,1779.5
PACEC89YGNYZCMC4,1378.25
NKCE9YX24KHRDNHG,3194.0
FABE88MGUBPCQWR8,2762.75
ACCEH74HAGTY6W8P,1307.25
NKCECGVARVRMARSS,6350.5
CRTECN2QZXFVEPGG,4374.25
NKCEC8AZQUFGUXGH,2464.25
SHOED6C5ZGCBKTP2,2949.25
RTRD7HN3BBE7G9YT,3820.0
ACCEA8JPDNTF7NZN,6011.25
NKCEBHGBAFBCXXYC,1560.5
PCSEC86VGEWVKHWZ,13042.25
SHOE3URGYEVZ55GD,3136.25
NKCE9PFFQHU7GTU7,8856.25
CRTECN2RCH9CG4SA,5913.75
TSHEHU5RWUGEAJFE,5362.5
PBXE92G5YEA7JAHZ,5210.0
ACCE8XUCYRB9ATHZ,4434.25
CRTECN2QWEDYMDNQ,1252.0
PTPEYCF7GZU2T54E,2560.75
SHOEC9FZ3BAF7ASF,4327.5
CAGE7DSFQGVEGHC8,6073.25
SHODUMFYWTPDYNX6,5156.5
ACCE6P3BBZD72UJ6,1330.75
NKCEFG3CHGEHMRTD,3395.0
RNGEDAKBYYVCFWZP,7303.25
TROEGZ65YHBQKG9T,5608.25
BRAEDSKCXVNYXGA6,5481.5
NKCE9ZVGMHZVTF2D,4747.25
WATDUKHHH4SQXDAK,5291.0
CAGE745BJ67RZCRR,2721.75
PCSEAKVBNSFWGBGE,3346.0
TSHEHV9TPRUBUENE,4685.25
SHOEY8RMVZV3UY3A,4039.75
TOPEGWUTW6GWYSBE,2538.75
ACCDQDYBYVQZNHCH,8427.0
MUGEBFGF6MDQGHBG,4210.0
CAGE6HHHUHFQSAPW,1022.75
RNGE7GVYAP66GRDD,4303.0
PBXE5SUCYEBBSFXJ,9900.75
BRAEBBMQZBZHCFAJ,4576.0
BRAEAC839PBQV9KF,1684.5
BRAEAW9HT2EUZD3X,2536.5
SHIE2QTSMSXF9QAH,3877.0
RTRD6FYYWFHEYJYE,5302.0
CAGEFPY9ZSFFNVAW,9351.0
ACCEGKTSGJEEVTZ4,1700.5
AIREDJCGZN2HKZHJ,3461.75
BRAEA5MZ8VZHNGGH,7372.75
CRTECN2QX53WHTKZ,2935.25
JWSEBCY4HDWGJZBT,4422.25
BRAEB2ZTVYY3UKWA,2202.75
WATDZMBRPYAYTP4G,7041.25
TOPE7WAUFEYYDXKG,9865.0
TSHE4DTF53HPYMU4,4329.0
BLAEE3YXZGWWT8UD,6278.5
RNGE7M925YCWZZRR,6650.5
BKPEGXWHXG4GZWET,1689.25
RTRE8GJUFNETVUMZ,5305.0
SWTECXPHFVTHWJF7,10590.25
SHIECKYBNNY2BNZD,4464.25
WATE7GP3JZMFEGZG,10405.0
CAGE68FFHZRTSZS5,4334.25
ACCEGYP2TMX2NUPH,5771.75
NKCE9YFBBNJ82UVB,4302.25
HMBDRUCNJSJQRRGC,6687.5
CAGE3GFTQ3UHZ4TC,1092.5
NKCDTAXF2EYZ7MP8,3352.5
LJGEYSUNTPQZG4ZG,1463.0
TOPEGF4KEGGVMSXX,5393.0
TSHECQKNFFER2ERM,3859.75
PBXE9YWGTS7NGYKT,2525.75
WATDZ5HGXEYDHBWD,11395.0
PRCDVFAFM2FPJBMZ,2106.75
PTPE2F33QGYXMHGW,4150.5
KRTEJCZ4M7FD3NJS,2983.25
NKCEAPCYFBP4UJ3V,3376.25
CAGEBTJBRFGAUQQB,5301.75
MUGEAGGKZFYBUMP9,2796.0
ACCEAZCVGGGWZGKU,1046.0
CRTECN2QVV7UJQNH,5045.25
NKCDXEGWS7VWXSEJ,3123.5
NKCDY44FMPNQHFFN,4307.0
NKCE8JXS2AAKUGGD,3983.5
RNGE88FRWWZECGGM,6887.5
BRAE7GU9K3E2PWGC,1805.0
VASEHU9W3N9RDPGZ,7343.75
PCSEC86VSX45XVZS,11752.0
NKCE49ATF8BFHDVP,5298.5
KTAEHETVCXXZRXGK,10019.0
KTAEHE9HAED4VUQB,5660.25
PACE472CMNPGQY2W,2888.25
NKCEAPCYFTHYVARD,623.75
SHODPH4GZWVXE5RB,2025.75
BRAEB3KBY393GUHA,9904.0
BRAEB2S8RZZRXMT3,2613.25
PCSEAH5WWRYGEVGZ,6795.0
NKCEAVZ3C9CRDB6Z,1888.25
RTRDZTF9URF2UFPF,8816.0
CAGE6HYJDNZJVADS,4682.25
SWSEBHCPZGHMBKJY,3990.5
ACCDQGVSDZ92ZWGW,3265.25
NKCE4CSZUZWHUTFS,1360.0
ACCEGKFHRFGN6XZB,1260.0
BRAECGQ4GW73HJFV,1554.25
CRTECN2QXZ9ETCGB,3884.5
MUGE6A5HZUJ924WH,2709.25
BRAEE6YMK83RB9MZ,1304.75
TMLED6G5MJQGNZHS,4653.75
NKCEFGFUZURHNH6R,3218.0
NKCE7ZPRQX9SBZXN,2825.0
VANE3KUFUXF2CVHU,5253.25
NKCED6EYN4ZPK9AA,7777.0
RNGEDF5HDGKZGA3T,3410.5
ACCEAZCVVFPBJAGB,2943.75
PBXEDCSE8CHTATYY,4679.25
TOPEFYB6HRPPCD8R,6802.5
RTRDTSBQW94HJ8VT,2691.0
NKCEYGTGJ65HSJ9Y,2686.0
NKCEFFFPGEJSTBJP,1141.25
NKCDYASFYGXZESTM,3621.0
NKCE6SR4H3EHXWNA,3967.0
AUDCY8T7KPEG3ZZF,5926.25
NKCDWBPZCHZEYT7S,3748.5
NKCDYARBFFBQYKFH,3969.75
TOPEBZYTWUYMJXSG,5306.75
DRPEG3ZH7GJFFZDM,6265.0
SNDE6KNAQN3GFRQG,7184.25
WFCEHYZMGJQWVVZU,5246.5
ACCEGZ6BRBTGQWZY,4382.0
CRTECN2QXH4N9WZS,3014.75
PTPDZYCEDURXTYRF,2346.75
ARPEEMC95HMYAJNH,5477.0
SFFEGKYYDWTZTEQC,4505.25
PCSEC86VCFQYV6QG,6276.75
BCHEHYMBZQ8ABUUY,2176.75
RNGE87FCQJ9GRKWZ,5004.0
NKCE5ZHWX6Z8PBFH,2383.75
BRFEJYHNGYSX9T9D,3484.25
TOPE7ZHYQFFHPCBX,4786.5
CAGED6YFBH8NZQM8,142.75
STREDF58JH3GQZF9,3144.25
BRAEA5MZDQKHUQCT,3430.75
MUGEBFGF6ZUHKH4C,1272.0
CRTECYY4GFDJFKBD,4964.75
WATDZRZGZAM7HDGV,6086.75
CRTEHSSCVTZ3DB72,2339.5
NKCDXZGUZKNYVXG9,11119.5
TOPEBN6MZNGGZEMY,9913.75
MUGEACY8VQRMM4FX,2702.0
NKCE5UY9HQTQ8TBG,7347.75
SCHE4ZYTVE8DY5PP,3670.0
RNGE9GWPJH9MMNWX,5678.5
CAGE8FG3CYVFG2GM,2949.0
SHIEHXZMQPC4GT6F,1502.5
ACBEHDU9Z9DGZP9Z,5361.5
BRAE6KWFPZWJ2FHH,2322.0
TSHE8CAWEGE3CUPM,3785.75
SHIE9J6PFGP9DZAH,4237.75
CAGEYFZWNCKDDXXQ,3395.5
JCKEEABZDWF9VU7N,7019.5
SOPEJ7SCRS3SKFGP,4325.0
WATE9MVXHMTCFZSP,306.75
CRTECN2QXMXFUYRD,1971.0
RNGE96Y49HCWGUGH,1665.5
BRAE9RDQYNWZBYJF,2326.25
RTRECFHX3TDFD9SP,7984.0
BRAE59YTMB36ZVFG,7876.5
ACCEGZ6B9MYUTYST,6295.75
SHIEF8DUHZJP8MVC,714.5
LJGEG52SCZ5WZBKZ,4844.5
SHTECN9HDECRYPF8,6740.75
CSKEH3JPF4EJVBSF,6889.25
BRAEBBYRYT9WDJRQ,1528.0
SFFEGGJYFJWAV4HV,3866.75
CBKEHGUY3GEHDSFY,5523.0
NKCE73V3DADAVHDU,4076.0
TOPEGF6QDCGCHHXY,1678.75
RNGE3YSWFWYYHNCA,5317.5
NKCE8HSQJQBPRSGY,6226.5
CAGDU9C3QVCBMQKQ,3743.75
BRAEDQDFMNC6MQZW,3103.5
SHOECB92BGNGSZGZ,161.75
DREEAVBXKQUUVJUT,4293.0
WCKE2TFYZGPGDGGV,4425.5
CAGE9AGRUGPHV5FM,6751.5
BRAEBB6TT8GKVG8A,2520.5
CRTECN2QUCSMF4SX,3074.5
BCHEHYUKDZZPZBH2,2487.5
BRAE8JUHJB794RZY,7197.25
BRAE4DJMZCWYGDJU,5047.25
GLSEJGVBRQMYV7NE,6733.25
NKCE9Q93HRESPRBU,5842.75
NKCECATQF8ZXGXJS,530.75
ETHEJG7NHGRFGHHK,10821.0
NKCEASCZBAEB2Y63,3059.25
ACCDSY8ERUYRYSUA,3799.75
BRAEDH76V3J4FBWQ,6362.0
HACEGPF9FJFJQU2R,568.25
ACCEGBTPV5PPBHVD,5835.25
PCSEAH5WCDGS8YCZ,2924.0
RTRDRUZCPNJ3MTAT,581.75
PBXE68H4WBX5AFCH,3497.75
RNGEHFDYHVSR3SMH,3343.75
DREEDR97ZHGNPWFR,5416.25
NKCE9ZGXGSETFAZU,3260.0
SWDEGU4MDSDGGJHN,1704.75
PCSE3X2TJCZGDYYZ,15441.25
MUGEACY86QBJGTZA,4354.75
CRTECN2QXC7HYKPG,8391.75
NKCDTAXFXWPKGZAN,840.25
USGE9ZHVSVH9FVHP,1725.0
TROEHQYAHGHUEXXZ,6118.0
NKCED8SK6UNMAZST,6462.0
TUNE8XCD5NGNPDYJ,3461.25
KRTE7X8NADSVDEET,7358.5
FABE789N7XA5E9GY,3921.75
IRNEGYYU2ZVJQQ5T,4706.0
ACCEH5Z2YUKYQBFP,4461.0
FABEADKAG5XYGZHK,3203.5
BRAEDSGAUHAZHBY5,5755.0
CSKEH3JPCEGTMZFP,3844.25
SUDEGVG6YTPMYPU4,2341.75
NKCE48ZU6EAYFSCM,2529.5
SNDEDFE6QPNQRAXF,8322.5
SFFEGP24CR5VDNZC,6847.75
TOPEGGE5GRFUTGGB,8232.5
EMLEGMZRZGDARGR8,4119.0
CRTECN2QVPG3DY7K,3225.25
MUGE8VY8HZAM3ZRK,1268.25
SNDEGAJFFK2KKKRF,4556.5
BRAEDASWQDSYNUV3,7325.5
PCSDY5AHM2SEJM4K,5813.75
NKCECG6ZNH9NXFFH,4306.75
WATECE855W5YFE3H,3195.75
SHODWMHHCXTD47NQ,5428.25
CRTECN2QYCZPHYHH,3099.75
GOGEHZ5P6TWYBFXB,2823.25
TCVEHSMY2TNTCKNC,7605.0
SFFEH2FGABYNF47W,5162.5
MUGEAGGKZFD7ME7F,2023.0
TOPE7QTUGVGEFKH6,3813.5
TSHE4S26ZSFE9JTB,3614.5
MUGEGZUJBNU4Y2CH,284.25
WATDUNJ7PGYUWDGQ,8354.75
NKCEAJKYW5CDKBEV,9284.0
PACDZUDMCHKDHGXA,3455.0
BRAE8TFHGXKFFMAQ,2039.75
NKCE87C3JAXKXZRJ,3026.25
NKCECQYZ24MSM3ZZ,3899.5
SNDECZJR6APCXEZ4,10307.5
TOPED9T3FXS8CP8M,5605.0
ECIEF7MGVGZAZMGG,5088.75
SHIE7DFNYZC6YWTT,494.25
SUDEJFBRVYEUZUDH,3439.5
MNKEYGQMJHGZ4ZRX,2194.5
BRAE8MVUMSMBMNJS,3608.5
NKCEBBYSAJKEEQ8K,3197.25
SNDE9WZJJ8YXWU5Q,8436.25
CRTECN2QSXEHJHR5,4231.75
BRAE9TBZWWACJHJ8,3124.0
SHIE9FMP3RBSYMEV,6252.0
DREE4DF4DQYMGDJV,5332.0
NKCECZKQGZXVZ2RY,9609.5
DRPEHYHKYSXETBBJ,4108.5
LJGE9UG8WCYXPCHA,4612.25
GLSEHFUGQRHPBV8D,366.0
TOPE954FERN5VZYH,4983.5
TOPE7JZU5WZZVYDT,7860.5
JWSECGFU8YKHTSMU,3872.75
RTREF3PRF3M9FMEF,3794.75
PTPEAT32HSGZFHVY,3536.0
TSHEHU5RQSZZHSKF,5944.0
NKCE2RPCN6RCTGDG,6072.0
ACCE45UGGC7GVAVG,6281.25
WATEBFPXFYMWJGJZ,8449.25
DRPEFZDBMRGECGZG,5066.5
TOPE2HZRFKVVTCKU,4514.0
CRTECN2QYKFNFXCZ,2438.75
PCSEC86VEVSKD5ZY,2183.0
SGLE8YSWHJAGP3WJ,8787.75
RNGE88Q9HE9RQYEM,8573.25
CRTEA7HAFUMPQNHJ,4794.5
TUNEB42QBZHYP57B,9601.25
MTYEGUA2VUJ9UDGX,10015.25
PAEE8NDKHJ7ERAPT,6629.5
SCFEHDJKTM826ZRA,4750.0
RTRDFFYGKJAXPUUG,537.25
BRAEDQDFGYCZUFEJ,1951.25
WATDK2G2WM5XHF9S,6456.5
BRAE3P8YWVZGNYZH,5351.75
BRAEBKJSNVGDG4DP,3052.0
MUGE7DUFGUZDQMTQ,2500.25
BRAE7Y46JXZJHN47,6931.25
CRTECN2QVB7UDF2P,2893.0
CAGE76FNT9D99PZK,3179.0
MUGEAGGKHFAM4YZG,688.75
DREECRS4EHXNA9UH,4253.75
NKCDU4RZC2AFABJV,3298.25
SNDECYHFHV7XHZNN,7815.5
DRPEHYHGSSEPB6HW,4905.5
MUGEGZUHVZ4Y85DV,3994.75
BRAEBBMQYHRSZ5JC,2801.25
NKCEAPCXCP8GZG5Y,2821.75
RNGDWKZN9DSHFHYY,3595.0
PACEB7GGJXVVDZFZ,2272.0
BRAEDQDFSDVTSSWK,2591.0
NKCDWBPZAJH88YAZ,3526.25
NKCEB774SNZGVYW3,333.75
RNGE88FRA9DMA4UZ,4127.25
BDSEJJ6USEQZS3QA,1861.0
MUGE9HRRKMGKHMRT,1332.75
NKCEAX7HH7BFTFHF,4062.25
NKCDUYA5PQWDKMBZ,2776.25
WATEFWP4V5ZEHZZY,3603.0
BRAE8QNFXPTNHXKB,6748.75
NKCDWBPZGZJNYCCS,3870.5
BRAEDZ7TZNFQTXZA,2474.25
CSPEGNS9GZVAGRY7,4991.5
NKCE6XU6DA4HYYGN,4037.75
CRTECN2QYMHJKQ3G,3054.5
LJGEATZSESZPRQX3,3709.0
CAGEBTGHSVHHWPG6,7245.25
SOCEJZT8FMXJ8VHZ,5170.75
FLUEGKG2K93HY9TC,4144.0
SUDEHYGVDNRHYPTW,5678.25
NKCECZKQCFGWJ36A,2778.0
TOPEHZNQGZJYYJHE,797.75
NKCECGVBWQWGZUVG,2025.25
BRAEDUXKVAPEV9G6,7022.25
RTRDYYTZSUUNFFUT,915.25
BRAE3WVQZZUJA4JW,5427.5
PELEGHQP8GMXYF6V,3577.75
NKCE9YFCEG5FXMAH,3995.5
TOPDZGV8GUEXZNUT,4983.25
WATDZ5HGRGZG4AFT,8880.0
MUGEACY8DDWFGRUA,2522.25
RTRE7FT9VKRGNTRR,8257.5
RNGE7M9279JQH6M2,6035.5
RNGE86J7VJNYBSHZ,3614.5
TOPEHZSMJYWRYH8F,327.5
BLAEE3YX3WETHSZD,6034.0
ACCEAZCVEKWMNSEY,1957.0
SHIEB7A6NCNJNZJD,4145.25
WATE2FAHHP3FEYG6,9015.0
TOPE9PSGHRKUCXKM,5747.75
MUGEAGGKKDAXEA36,3870.0
TOPDX9TF4PYJMX7B,3396.5
SHIE9J6PVG9ZE9M5,4101.0
TOPDZFGCFH8AMJ4B,4904.75
RNGEA9ZXDDFHAVMZ,140.25
PLLEHQV78ZFHTE7X,3127.75
BRAEDTGQMXYVF7NB,2306.75
CRTECN2QVSZP8JDW,1426.25
KRTE5PEEG7YAGENZ,10364.5
NKCECGVBKYNJGZZQ,4290.5
RNGEDAK2KK6VXQQ5,7265.75
RTREF3PGZGTGBHT7,5985.5
MUGEYYXFNGQ6A3FP,3973.0
SLOEBHYNHETSRBXN,5798.25
ARPEGDHSXZJSHGSN,3520.25
NKCECPHGBUZPN2KU,5741.5
VSBEGBH9QBHT2MQF,2363.75
BRAEB2ZTXQQTYTEP,2548.0
PANEENEMG9NPM2QQ,812.5
SNDEHZQ7MMN272VX,4172.25
NKCED2ZGYAP3UKJY,6134.5
PCSEC86VKYNCPSDK,2283.25
PBXEBYHYS3UXVBE5,4548.25
NKCE8ZJ2PXWJQZZX,3079.25
AIREGHYGSZKZYZBB,4312.25
HMBEE965MNXMUSFY,6501.75
HAREGG26JVZYCC8B,2225.5
JEAE2KFRBNFZFWE6,3463.0
DIAEJUCFFWRXYACA,5458.0
PCSE76X4U7MFDPUZ,10289.25
MUGEGZUHAVWFHSER,5074.25
TCVEHSMFHCPGH9QJ,640.75
NKCEFNPJ5M9JZJR7,2590.5
PTGEGUP5KM48MRRW,738.25
KRTECAVZHVTGR2YV,6761.25
JWSE9KZTWGWKVYYH,6335.25
PCSE95HXQE744G8Z,5405.75
DREEGZ4CUZH5CATV,4460.0
BRAEDQF7KGNJ2EEW,8460.25
PTPE4P39G9SVGHRZ,743.0
NKCE4PZ6HYWFZUAN,1438.5
SNDEDFYPJFHXG98W,3375.0
TSHEHU5RWCQXRWF9,4569.25
CRTECN2QYVBX5Y4W,1620.5
NKCE8HVPEPWAU2HF,2952.75
PTGEGUZVM4X9XZWG,8950.75
BRAEDH76Q44DNY23,8257.0
INKEF7WMPUEH9G4V,3922.5
CRTECN2QS5JJAFVP,5590.0
SHOE2FQCE3QFC8ZM,4100.75
TOPEEEPV4GFFSHJG,6018.0
PACE43HF8JWNA2GY,3611.25
PBXEAHTCHTG62WSA,3468.25
PADEHZFJGQNSEVKC,4278.75
BRAEDQFRZAAEWCDT,3207.0
BRAEDSKCJJUEVC6B,1969.0
WATE8PBFZKV5BYDZ,11079.0
SNDEHYMXZTFRYZQV,6245.75
NKCDXYFHPJ4UNFPU,4021.25
RTRECTV9PSVC8Z9Y,5479.0
BRAEDXPFA43N8HW9,7033.75
PCSE4C9YYYYXGNFH,7454.75
MUGEACY82SGHCHYY,5064.0
CAGE7UCEDBWHWF48,3602.5
ACCEDTNRADHZ35UD,2319.25
SHOECKEYFVTA6E8S,6271.25
CRTECN2QTK6FRYHR,3274.5
NKCE7MMG7YSJCBZG,1555.25
PTPEDDXTMZKMNXHX,4366.75
ANKEGPVMFV9BJBJM,5892.0
BRAE8WPSGGK9DQHX,4355.5
KHREH26Z6GEDTYYH,2607.0
NKCE9YX4TREBP4UZ,942.25
SHIEHYHMWMYPDFSU,4558.0
BRAE7KQVYF75XZRE,5277.0
TSHEHU5RHTSZSCAY,6403.0
PAEE8EZHZFKKYMVK,6069.25
NKCE7PZPCSNSCHWT,4234.75
CAGEBFPEVT4JFGPC,3470.0
NKCEBBYSAMV3GRMV,3365.0
PAEEAMGFHMZW72XN,5741.75
DRPEHYHNCZXNYFZH,4693.75
NKCEFAG9U4ZHRHKU,3996.0
BRAE5F3KGW3JVKJH,2051.25
JWSEBUKYNF45Q8DG,4881.25
BBAEGJFRDFNK9FCH,5904.0
SHIEBY82HGZCTH5D,3896.75
JUMEHUFGYXJYP29C,9005.5
MUGEAGGKY7DVDTYA,4069.75
SHOEBGHJZB2UKFC4,4233.75
CRTECN2QYUDAZJ8T,2852.5
WATDEWZ9UMDYPWYC,2530.5
TROEGZ8QS74W4XR8,9659.5
BRAEGJFX4ZCMZHH6,3007.0
NKCECJPCUYJZZQTR,1206.5
BLAEE6KTUAEBTDKS,8697.75
MUGEACY8TXGZFHKY,1451.5
BRAE8EHTNDJHDDAD,2034.0
NKCEBFWTTMZH9MAR,5229.0
FSEEHXHFG6KCYVVU,6691.25
WATE3YHHFFCUGZFB,4181.0
BRAEAM6PF9YRAWWQ,6532.25
DTHEHTAZPGKDZXWH,4345.75
BRAE7V2UXPZMDHQ7,7101.75
CNBEJ9EDXWN8HQUU,4289.0
TOPECYENWHHDGFCH,3932.75
BOLEHUEBRTVCGWMK,3919.25
TOPE8H5DGZH8GTDC,7859.5
PAEE8G6NHEZMBWGH,7574.5
LJGEG57E8US6WQWE,3437.5
NKCEAVVRVBGADAHE,8466.75
SHIEFZ2GJGAHATFG,2603.25
NKCDZJB8WUWBH49M,3857.25
HAREG4928QYXAP3E,7152.5
PBXEBQGM4J4AWAWF,5579.75
JGTECTXNVGH5GYM5,5240.75
SHIECPXYNJ8UHGFN,7008.75
NKCDWBPZ42YGY39Q,1528.5
WATD9H76N5WQYVGJ,8231.0
ACCEBWRHKPQCGJNF,4731.5
NKCEB2S9MFVUCSQU,2498.25
CRTECN2QVHHZ5THC,3849.75
NKCDUEHCBEY7YZV8,2028.0
SHOED5DCYU8HWRDH,3382.25
ACCDQDYBKTC6G9GH,8356.75
WATECVGYJXPGREKD,701.0
NKCE7TZG9AG6F3YB,4377.75
PBXED6C4RKBW8SRE,1407.0
CRTECN2QXHMJ87BG,2877.5
SNDEGFJHB7XH9YPW,626.25
NKCEAVZ3ECSBFANG,4333.5
BRAEB9ZNSUGGSFQV,4758.5
WATE9CFHPAEU3G4B,5200.5
NKCDYQ3RWGURBTAV,1526.75
BRAECRHEHYDVDRTG,2539.5
NKCED8HZ3VQRHGGF,1295.25
BKPEGUJHQSJUZBVF,1063.75
BRAECHF3WZHZBQX2,2444.75
BRAECQGS8RZDBQXM,2167.0
BRAEDNX2TYZYQQZ2,3909.0
NKCEDAN8ZMVMTDMB,5516.75
TUNEBE8ADAYHZ4PG,8260.0
BRAEDN37XKYGFKGR,7860.75
CRTECN2QYUBADBHF,3833.75
SGLEGBV6USTHRNDH,4153.5
NKCEAPCWZTGKKMGW,3458.5
NKCDSRPAFNQEXDZG,443.0
ACCEGNVADAYPFTER,4188.75
SHOECP78YDYPYPSE,3757.75
NKCECKHZPB2JMPGF,10722.5
CAGE79CEHJZX52XS,3478.5
SHOEH4FSHEDEMVTM,3712.0
NKCE5UY9JMZP9NGF,6349.75
RNGEDAKAZXTGZNAM,5797.25
BRAE5PKZBZGYZEMH,7551.0
WATD9H76GH2CHZ48,5861.0
ELWEG4DCHBUNHUAD,5613.0
BRAEBBMQJ9ARUWCH,2183.75
MUGEACY8FADKRHPW,2151.0
SHIE53GCQDQEK7SF,6004.75
TKPEG2Z2CWU9AHXG,90.5
TOPEGGA6H622PCDF,2579.5
RNGEFP2XDHURBWYP,1662.0
WATE5HFYAAFVDZMJ,8073.75
HLUEJQ3TART8YBKJ,9638.75
BDDEH93ZEEZY7CHM,905.5
SHOECXPMAQXZ3QPH,4156.0
BRAE8X2ZZMYUZGGU,2138.5
CRTECN2RCWZTMS2F,2819.25
PHFEGJGHPSYKMHES,2484.5
NKCEDHHPRYYZURBG,7264.25
DSEEHETVWRX9FZDT,881.75
TOPE7H6NJKNYWBGN,2931.0
BRAEAM5DR9NS5XPE,4181.75
BBOEGP4HM4C5WXVC,1879.25
TOPE7ZHZJY9AJM7H,6353.0
BRFEHWGA3B6YEWNG,2657.75
MUGEAGGKRHSXEGCV,3800.25
NKCE6TNZZKEGKPGA,4528.5
ACCEGH6RPWY9DHAB,6016.25
SHIEBJH8XQ2TEASA,2416.75
GLSEHFJZGQDR9Y6Q,5919.0
ACCDQDYBDNZRPMSW,3069.75
CRTECN2QVH5KUGW4,4134.5
CRTEB774JMYWBRMV,4381.25
BRAEAW9HUAWTZGSH,3582.75
BRAEGJFXJGTRFEYE,1970.75
SHIECRX5GAVFAKJ7,3127.25
PCSEC86VU9PMZYMP,7788.75
WATE8C5ZUTSGNEMF,3313.0
NKCE2W3WYQZ7TCRA,1282.75
BRAE7DRSNFESBUYT,5586.75
PBXEBSMZKB3GTTS8,7415.5
CAGE9ABAYFMUUH45,2073.25
DREE8MF7NWZUYSBV,8802.75
BRAE3WVQHJWKQZHZ,2368.75
SHTEB5MNYHJJQGBJ,4117.75
PAEE7A8QGN6WSYAG,11533.0
MUGEACY8QAHZFFXV,2516.0
AVCEJCHZ2GVMBVP2,424.25
CAGEBTGG3AZRBFHE,3354.25
TSHEGGCKYG5GGGMU,3525.5
MUGEAGGKKZBHTBHW,3320.75
PBXE7NYSPF4FKVY6,3347.5
ARPEEMCAMGADRCGQ,4324.25
ACCEF3Z2XMEEJVWE,7414.75
SHOEFMRZZAXFQW4F,5503.0
TWTEHH2B5EZ4PK6U,5136.75
WATDXFGTMYAAZYW8,3599.5
SHIE9J6PPZ44RZDK,4677.0
NKCED6EXHFFHUFEW,11994.5
PBXE78PHEKYZRPSC,9476.0
CAYEJFYZ6B73NUMH,2157.25
BRAE8RSAHXUVA9FQ,2020.5
NKCE9W4ZNQGHCENM,1702.0
SHTEDWHGGHUZZTMZ,1656.25
NKCE7ZPRDS6PZTAA,2578.75
SWTEDVZZ92PX48ZY,4975.5
PCSEC86VZVTTBKJE,7870.0
TKPDS6ZEWH4KF3SJ,7286.5
NKCE2B57DXAZBYER,2654.25
MUGE6A5HP6TG9YCQ,2391.0
BRAEB2S8SVFDT9HA,3599.0
FABE88MH9NNKPM4H,3778.0
WBTDMEZTUWBPD5DM,4401.5
VANE8KP4GWZPNKQZ,5634.25
PCSE9R7E3AFG7F9H,3626.0
ACCE8XZMBCKRGRVS,1971.0
BAAEGHPNYQ5JMZNZ,7257.5
NKCEASCZT3V6YGJV,3095.0
TOPEYJZ7PUP4YRP3,3153.0
PCSE4VAVUPCMZZ7A,4349.5
BRAE5F3KHHPXDMUR,2838.5
CRTEJU6FJTEHSVTR,5291.5
PTPDVPFYEKTVFEZ8,3064.75
JEAEHYZRRZDZZNWT,5664.5
JWSDYFUFNYBSDY6B,1392.5
CCVEFX3XNKFEF843,7048.75
PACE66XREPHDU3NH,4522.75
SUDEGGB3E5K4UNYW,188.75
NKCEB3ZCW2HXUSFX,2102.75
PCSEBFEH9XA3B2DF,3336.25
BRAEBCY3JXSJFNZH,2607.0
CLTEHE9GGXJKCWCV,4939.25
CAGE5QJG2PSHZA28,2116.0
BRAEFR6JZXBQ9NJK,8109.75
BRAEBCY3V4ZR8UUU,6284.5
DREE3KKW8HYZJHZY,3918.5
FABE92NVVHWSKHAX,4659.5
CBKEJ3AZYYJTEHK6,5394.0
SHIEA6YUZCDGZUCG,3985.0
SHIE9J6PYBXBYHRZ,2559.25
FABEADKA9VBM9DTM,4583.5
BRAEB2S8TG98KYGJ,9585.25
CRTECN2QX4FC2UAC,2910.25
NKCEAQPGSPXZDCSA,5740.75
NKCE5TFVHZDZTAYH,3705.25
BRAECCDUHY5DYWFW,3018.75
NKCEFFFP9THXHT7P,2409.5
DREEAVB2QKSZN4HH,4127.25
SNDEGSZD4WHWUEPU,6713.5
NKCEA5FHH53NDT9H,4243.25
NKCDU4RZYTKBTQPC,3150.75
MUGEBFGFT2CSSGVM,1848.75
PCSE2ZFDQHP9ENMD,7944.0
SHOE3TZMQHKWG7TT,5016.25
SOCEGHFY7ZZ9G48G,3918.0
SHOEJUQGNBAHYR3E,6579.5
PCSDY5AFFHEADFCS,7524.25
BRAEGJFXJR4GPU2C,2309.0
NKCE5UZHWVVB7FCU,3669.25
BRAEBBYRHPZNNP6Z,3283.5
PCSE98DZU6XXGY3C,6535.75
NKCE4PZ6UJQG9QQE,1814.5
PASEA46QFBTUGATC,2348.0
CRTECN2QZAQWXEKU,3394.75
CRTECN2QUHEXQ5BG,5001.25
CAGE9ENYESDHRAZG,5125.0
SLIEHUFGN6EAJZZV,4932.5
BRAE7KQVPZXEUTHY,8053.5
BRAE9RDPFQQHHNNE,7220.0
SHIE853ADDAHYSFQ,6919.75
PCSE9HAGHNGNRHZD,12693.25
WATE7VE24DXUPMAG,8622.0
PBXE4WZJC3ZN8NFC,10175.5
CAGE6GQCC6YG7FTD,7084.25
PCSE6SJGNDGTHPGR,2793.25
TSHEGCZTUAZAYE7G,3528.75
PCSE9YCZXDYVMBYZ,4145.25
DREEDR97RXXXSZXX,2668.75
BRAE8UZGGRVBCEHM,8248.25
PBXE5YG7JZP48WAF,6232.75
TOPE4NB7QJFGX4PV,5534.25
NKCE6SR49QBZZHMP,10166.5
ACCE8XZMFNFCDPXE,6570.75
NKCE45SJXTBHBFPX,5198.25
CRTECN2QVVZWDMVZ,2964.25
MUGECEVFM93JBPEW,3821.25
PCSECV3F9MXQZH3V,2160.0
NKCE2RPCH7YGSPX9,5811.5
SHOECVMMYCMGFZZP,3506.25
SHTEDFFJMHZWSYT2,4478.0
NKCEAZ6FBHSGCGAN,4489.0
NKCEGZZGGGDCERGH,7123.0
NKCDU4RZZAMFHSQY,3872.75
CAGED6YFXAHXJSDH,5081.0
WCTEHU6FYRC6WWCG,4162.75
WATDZ5HGFJCH2FGY,7666.25
IDMEHY86YP4NFZUG,3701.0
NKCEFERXYKGHFACG,5070.5
PBXEDDEFFMKZM3HG,460.25
VLBEJKMQ9QZS8ZXH,2520.25
DREEG9JRZUZM5CBH,5651.5
NKCE6GJ5JHFKSM6T,5595.75
SHOEG5XHVBSU5BRW,4736.0
BOTEEWFAGTNGUQ5A,4967.0
ACCEGUY9XYXUMRDA,6663.5
CRTECN2QUBFBECYZ,6799.75
CRTECN2QSWDGMGZZ,4199.5
SHOECSWQCEZRR82X,1518.5
WATDZ5HGGUGHEZMH,6966.0
NKCED8EGPHGKRPBH,6026.0
CWDEGNNW8YCD2VHQ,5403.0
PBXE89GKDPBANA86,691.75
ACCEA7PVQP8H27UH,1746.25
JCKEEB5YX5Q8HYBM,2788.5
CAGE8PKGVCNS7JCH,5821.0
NDNEBA9VUFJGTDEE,285.25
BLUEJQRHM9VA48GF,5968.0
PCSE6SJGCFMBG5PU,7040.75
SHOEJP2GGGP2GGPB,3538.75
CAGE8TQ8A7TPFYZN,2372.5
TSHECHFVV3F5FHK2,3743.75
TOPE3NVYHZNAEPHA,262.75
BDGEGEGCZ5ZDXBX9,10376.75
PCSE3YFFCYQVRNYX,5678.25
CRTECN2QW9H2NWF2,3386.25
TOPE7ZHY4ZX6VHYU,4519.25
NKCE9GY4ZH4Q4K69,1806.5
KLSEGTBP3VQPZTHF,3723.25
BRAEGGFEQRWYDHHK,4355.75
PACECF9NDZG39YPR,4867.0
SNDEGZ8XGC4BWUZF,5679.5
CRTECN2QZVM6SHSJ,3081.25
SFFEGJZHZPYSE7YD,4146.0
NKCE9YFBJMTVANBC,1502.25
BRAE9WYJXR43VESQ,2119.25
FABE7D5ZSVVRPG75,3755.75
ETHEGNMSZPZDZC6T,3137.5
CRTECN2QWRACCVZW,4506.5
CRTECN2QT6ZMHHHH,3142.5
PBXE8W55A32CHXZD,1147.0
SUDEGGAVHGYEQJAH,2928.0
NKCEAZ6FXQFHJH2Z,1060.0
NKCDYFHQAKQ62MHT,3193.0
PTPE7H5JD4MH5T4D,4235.75
SHIEBQ8W6KQHQG6J,6120.5
TKSEEB9MNUGDS9DZ,3995.75
BRAEDAGATZZKMRNY,2521.25
CPIEJCN3ASM9ZRXE,4174.75
RTRDQGV3ZTKAZTPD,4353.0
ARPEG54NHHJDT9FZ,4775.5
ACCEBUEKVFFUX2DE,8114.25
TSHEGYDYGFHGSHGY,5872.75
VLBEGZ7SBMDMYTXZ,6233.25
TOPE8ZAF4NMCGHR3,3069.75
BRAEDQEDVYJV64GV,7989.5
CRTECN2QSXKNSX8Z,3179.25
BRAE3Y4ZP6GF4JKT,4554.75
SHOEJWNPWBWCE7HQ,2248.0
SUDEGVG6PJKDGW2Z,678.75
WATEBS5YABDG6ART,5130.5
JEAEGE8QCDDXCXFG,5255.75
JEAEGFMHRSUHCHDY,11574.5
SHOEC8QGTYTSYHRC,5671.25
NKCECZJQS73UZGX3,3162.75
CAGE8X8X5QEP5BWM,5213.75
SHIECHC2G6B7JPTP,1660.5
PTPEATF8HNUX8SGY,4369.75
NKCE8BG8ZXHRZN9G,7507.75
BRAEBG4ZBVZDWG8M,1967.75
SNDECV6YCADQHMUQ,6539.25
NKCEB98TYYUZE7BQ,5064.0
TKPEJNSQMHREJYRD,5306.5
NKCDUYA5RGAGR4PY,3954.0
CRTECN2QSQX5H4GM,4435.5
CRTECN2QVNAWZZHZ,3988.75
NKCE6SR4YVMYZMGY,9954.25
PBXEAJVRV5HNMDTR,2179.0
SFFEGF6KZ9PPM4SN,4815.5
RNGDY8PZCQHBYA8U,6828.0
PCSEAH5W7RFFGKFN,4911.5
RTRECZANMW6UAQ5A,4181.5
PCSE9R3UWEMF57RQ,8797.5
SUDEGGB4EZEJ7ZPV,4980.75
BRAEBBMQZJWQQFEE,3640.0
CRNEJB4NE9FYSGBR,3088.5
NKCDR6BHVPTCG7HA,9561.75
PTPE4JYTBXSZSZPF,3585.0
ACCEGGAF75RZUBTU,12225.0
NSTEG358AT2YQVV2,4890.0
ACCEGKXQ9ZFSWKMU,1121.0
SHOEBG6ZUGTSDGBU,4993.5
FABE92NVJWFVRWTZ,3948.75
ACCE8XZMEQ5C2MU7,5447.75
SHIE2XDXPYYGJJZN,1423.5
BRAE3RFCGHJGVJ9Y,8992.75
NKCEA5FH9ZB34DEE,5805.75
BRAECFAQXWGHUZDQ,2118.0
SNDEBG864TPNPGSE,1446.0
SHOE3MYBTPZVTGYM,4776.25
NKCECW7BGWYRZ3BP,4338.75
ACCEGGAYF5HTP4RG,3440.0
BRAE8RSAJKCPQ4WP,7390.25
ACCEGXK4RRVYHJZR,867.75
CRTECN2QWHKJ3PBU,4512.5
DREECUW7PKBTZPRA,4069.0
PCSE6SJGZWXPQY9G,2958.5
WATDZ98SPFAQVHWR,8300.75
CRTECN2QZ2HFUHH5,3306.25
CRTECN2QS7YHAKV2,2467.0
NKCDU4RZNVATGYZZ,2132.25
TOPE7W4CTFFFDQBH,4271.25
NKCE7MMGDBM6ZYT5,3923.25
FABE92NUSYEWSG56,206.5
NKCEFFFPZC5FFNSY,4569.5
BRAEGGER5HFB7YXT,7652.5
KTAEGFPRCCS46ZMA,3603.5
SUDEHYGUBYUKVZYJ,5871.25
SHIEHZRCHVFEEVMR,6167.25
RNGE9HEA2SSEK9ZD,328.75
BRAE74BRYKNFVGQE,2575.5
AVCEFURSJBG924HG,22.0
DREECZJEPZNGBSFZ,4017.75
SOCEJPT5QW94BHWE,1939.75
ECOEFYFCC2BUSBN5,3334.25
BRAEA7GBQR7ZZN4K,2501.0
TOPE5N5ACWGNUWBY,8582.25
BRAE8X2ZW4ZPDQ7A,6097.5
PELEJWHBZZHFCF4H,5447.75
PBXE6YVW4CSQGJPS,3614.75
NKCE5WSJTHTHQFUG,4290.5
PACE5VYXKSZZ8GKF,3274.5
PELEGWXGPG8UEXPN,3522.5
CAGE7CZRJ39MZ33R,3526.5
CLTEGE4SGRTVHXAW,4235.0
PCSEAH5WZB8HNWEG,6052.5
MUGECEVFKB5RER6P,4052.75
NKCE3H6BGY7BF6K9,7530.0
CAGE7CZRW6MNSUH4,4921.0
RTRDMNVFYZZBXT3G,3279.5
CAGED2W2SHVURMZH,5695.25
BRAECTFYYHAUWR3A,2545.75
BRAEAR7WUVRVUAHY,2313.5
GUAEJGQCH9BNFH2J,6594.5
MATE49ATZAJFGTHF,801.5
NKCE8SESTHKCG7FW,6012.0
PBXE9T4SWW4HSFGJ,1305.25
TSHEHU5RY4T3XXQZ,5515.5
SHTEE72RZN4TVPUY,5600.25
NKCE8RB5Q2SERPVK,2772.0
PBXE9YWGTTTX6KVV,3626.25
NKCDWBPZTRZJTVR2,3130.75
NKCEGHR7YXJD3QVA,1989.5
SHOE3S9BYE5XWSKS,6224.0
DRPEHS7GGAEJHWGH,105.0
TOPE7DNYTYVKXH8X,4761.25
CRLEJ6B76SJP8ZVG,6973.5
BRAE74BREFRNXRYB,3526.5
CRTEA7HABNRWRZSV,2990.25
TOPDX9TF8EH63HHG,4046.75
ACCEJ6TESY6AFW59,4058.5
CRTECN2QZZJVMK8M,4364.0
WATE3NWHWHGSECNQ,10075.0
MUGEACY8EXQKEZ8J,3897.5
SUDEGGB5XKHZ8YRV,9278.5
CRTECN2QXUGAJF8Y,1705.5
TOPE6ZCJTWVV9GRK,8636.0
BRAEAHEHDB9H3E65,2342.25
CRTECN2QVES5SGVH,4236.5
BRAEDSGAZES3SRZ8,4181.75
TOPE954F2MKDZFTF,1873.0
BRAEE6YMYDZCTFHT,2714.25
PBXEAJHVVCHEY59Y,580.75
CAGE6FYHBF3HYBWE,8.5
NKCE59YWGAXY6Q4B,3031.0
BRAECKHYSXQD8ZMC,3303.0
SNDEHZMFFAHHZSHZ,6136.75
TOPE9RCYS54YZNFG,4417.25
NKCEC8AZHBUEHH6Y,3990.25
NKCDYQ3REN9WJEAF,2947.5
MUGEAGGKXFT23YYH,4231.25
NKCE8HVPRWTY5JET,2908.5
PAEE8EZHYZESVZ2H,5626.25
SHIE8G24RUNDF63N,5671.25
SHIEBCQZHBFMSFMK,3584.5
TOPEBCJF2D8JB3RG,3927.0
NKCED2ZG8GMNMMSF,3494.75
CAGE75DFBFFJZZ2P,3537.75
KRTECQSZAZSPPJWZ,12254.75
NKCE3Y5PHMWUUWQ3,4811.25
WATDXFGTREYMG4ZW,2507.25
GRKEG4UWCS4SNUSG,2891.5
MUGEACY8MDQCWAGH,2661.0
WATDZ5HGZZCZXDNC,9072.75
NKCE8E6YYVEUTNGY,2985.75
JEAEGE8RGRFHFUU7,7102.75
BRAEE6YMYZ4D5YGS,5714.5
SNDE7FD6YA84VHSZ,577.25
NKCE5HYVQV5ZKAMB,5183.5
LJGEDTGP6EVWQAJW,4919.75
SWIEHF3H7WG6VGMR,2285.75
CRTECUWZC4AEEVTQ,4046.5
ACCDXH5HDZZU8QRH,6297.25
NKCE9ABEZFFRGABC,5102.0
NKCEAVVRRGHWXTNF,3937.25
DREEYGCXYYZHDGDZ,3515.0
NKCE8RB5TUKH4USX,5833.5
NKCE96SXZGNBFP3J,7750.0
BRAE8QNFWA34HGDX,9459.5
BRAEDTNZZN4ER8JN,2512.5
BRAEAW9MTDZZZBH9,5858.0
PCSE6X3YSK6U4XMY,6089.0
SHOEBBWKYRZHMMZN,3579.75
WATDKB7JHUHHVMU9,1192.25
WATECSYFBDTEVR5V,3085.25
RNGE96Y2DCHGZ5AH,4626.5
VANED79Z5THRWD3K,3774.75
CRTECN2QWVBQNTHQ,3723.0
USGEJPPVGZNYAJE4,7493.5
CRTECN2QY8BEJVAB,3935.25
BRAEDNX2YFFFVD3A,2276.75
RNGE96Y4USHKXVCY,3598.0
TFHECYGABBG9NRZM,7100.5
WCKE2TFYRJA65QEF,568.5
BZREBXM8BFP6HZVP,6111.25
CAGE7DSFVSZDYPFF,2015.75
SHOEGAJGGTZD6HSY,4999.5
SHOE2FQCR89ZNN8W,7387.5
TSHEGF9YZUKYJKZG,6841.0
CRTECN2QYZCRHWD5,2862.25
WCKE2TFYMTCGDBE6,4037.25
LJGEHYCBH3VEAZYN,6084.25
CAGE76HYPAMJ7WKH,3527.25
NKCECZJRGGSJS5MP,3350.0
HMBEHBANHWHNQF8B,1193.25
NKCE2V6XHV3DSGPT,1163.5
AIRE9B8EKTNR8J4B,4841.0
CAGEBTJBUKGHGBSJ,5458.0
PCSE7B6U2VYJZWSQ,12812.5
CRTECN2QX3VH7RD5,2307.0
SHIEGQEQ8X5DPEWU,2292.25
NKCE38HEJPZSGBDZ,2674.25
BRAEDQEETE3Y2CZJ,2490.75
TSHEJQ22W8XPPGGH,816.0
CRTECN2QYTQNTVFH,167.25
SHIEGHNCZBRTKZCR,4706.75
NKCDYQ3R3YGZZYGB,6242.0
SNDEJCWXXFWQRCJU,5478.25
BRAEGG4PJFZEHY5T,1826.25
NKCE4PZ6YXXW7SPR,3596.5
BRAEBG4ZXJNSXVNM,1774.5
ACCDYDY6PBZGPYDT,12193.75
NKCE3JRMBSUGXDK2,7286.25
LJGE9TGNDH2E4VRH,7268.5
SRTEGWKMWDED9GFW,2001.5
WATDE9NFPB9TBVSK,5155.25
SHOEJCZFDNVTB3RF,743.75
BRAEGJFXYTH2MG98,4327.5
TWTEHH2BQ29FYNGV,279.25
SHOEHYA2U4D2FDGE,4809.75
NKCEB774ZFTSYG2V,1867.5
SGLEGBV8VZ4QSREY,6697.0
SHOEHZMMPFYUGBGD,5580.75
RNGEJ39US9ENJXYF,5323.75
MUGEACY8F4ZAFQNJ,1362.25
PBXE6ZHNEGF3VGZW,2862.75
TLPEG6GR9HUYW3ES,1156.25
NKCECARBX85NCE3P,3601.25
MUGEAGGKNFZUGFN7,4600.0
PCSE9ZPV7HAPCFZ6,7436.25
TOPE9KJE9PVJJZZC,3903.75
CAGEBTJB5SZDNYXY,1048.25
NKCDYARBMAARKGFZ,4075.25
BRAEBHDVMHWWJ72Z,6560.25
SUDEGGBFA9UZ87PY,5915.75
ACCEABW85UJZ7BMZ,7787.25
SHOE2ZNGYDECUGNG,5107.5
NKCE9Z2J5XF5GDCP,3661.75
PTPEFS9BTD3YHNHF,4462.25
NKCDWHFQ2ZBKQHGP,2452.75
MUGEJG6SRGWSSZVS,6323.25
TOPEYHHWTQ59WEHB,5282.25
PACEC9FJHX2ZJJFM,4200.75
NKCDU4RZYJ4NC2FS,3956.75
CAGDU84G2G5AEAE5,10138.5
CRTECN2QU9XUVRDQ,4092.0
DRPE3N3WWNJHVVNN,3000.0
NKCDW898GSGZQGGY,2943.0
MUGE92Z4ZTV8UZYN,2827.75
BRAEBCY3TP8GZGQP,4033.5
NKCE8HBNYGFJDU8Q,6482.75
CLTEHE9FS4UCYDGH,250.25
NKCE9PFFZZJ2JUTG,7364.25
SNDEGJFVJAHQCENF,10431.25
NKCE2NKZGKZ7TVUE,2739.0
SRTEHHD7AE757FTH,3314.5
RNGEDAKCZAZQTEZZ,2770.75
RTRDNGVMH2ZJZRMQ,7246.0
SHIE9FMPWV8U4RWX,2558.5
PCSEAKVBTXB6E4RF,2086.5
SCHE5Z57GMRHGXTD,3676.75
SNDEJPZMCWYT5QRW,6790.75
DREEGZ5CVEHJPDT9,5494.75
SCHE4YST2DH7X2YC,4394.75
BRAEDTPHBRK7YTYE,2118.5
LIDE4YMTRHMXGXKZ,3621.5
NKCED2ZGVXQE2UWP,3510.25
BBAEJA4VWFFEZARG,5640.5
WATE6S3AHZXW9GPK,8609.0
NKCEF9GTMZD4JZW3,3583.5
MUGEGZUMNZCKBZYS,2713.5
KRTEC89NQNYTJC9S,2603.5
MUGEAGGKWW34AFH6,2900.25
NKCE7HN9XD8UDKHF,4419.5
CAGE8X8XZCGGXQ7Z,63.75
BRAEDSKC33TQAGG2,3182.25
PBXEBYHC4S5BQYDA,171.0
WATDYQ938HFU8M8J,3106.0
SHOEFVT6YAKB9XTE,4676.25
BNGEB467JXH6QER6,10082.75
GLSEHFJZ2N9C3WYK,1335.5
CRTECN2R5JRYASA4,4084.0
NKCE2F5HBUPEAAPZ,275.5
SHIEAREZZWVXUBQT,5518.25
BRAECKHYJ8HGVGHG,1883.75
VLBEGZ7SQGDFUXE7,5383.5
ETHEJG2KXFSM6SYG,3670.25
MUGEAGGKZTMNHZPF,1210.25
FABEH2JYVTGFEEFT,894.25
SNDEA5EG9KPNG38S,727.5
MTYEGZ5ZCWFARE5X,5158.25
TOPE8XCDBUGUZWSP,3063.0
COAEJFTZEFVYTVBG,5395.5
NKCE9YCYAJTGZFZZ,3862.0
RTRDMNVF7CQ3HAHU,3373.0
PTGEGUZNXKZ8P6Z9,4898.75
SHIE55GT4JDKEGZQ,4213.0
TOPE7H6NK6YHDAP3,5467.0
TSHDWUPNBPZZHHRD,7333.5
ACCEATGZU9QWN3XR,3323.25
TNREFBYF3NYEWX5R,12532.0
CRTECN2QYNFWAQHM,5932.75
KTAEJFR22QUF6CCX,8270.0
MUGE9HRR6HVCRPZT,5885.75
BRAEAW9KZHABYUAW,8573.75
CAGE9ABBP3NXYEMZ,13573.75
SHTEJT4DCZAKK3YW,4548.5
RTRD8FPJEQRZ6BEM,1752.0
PLWE6S4BKHB5HZD2,5390.75
NKCE6XU6NKSZPBYC,8253.25
TOPE5UZG8YEV39XC,1558.75
NKCEAPCVHF2FJTCN,3331.75
NKCEASN6V7MJ482Y,3294.0
SHIE3QDHDTF4BMK4,6450.5
SLTEGE83BPHD2N2R,9151.75
CAGE6FYK6VKUMRTT,4444.25
TOPEGGA4KWAXGTG7,3879.5
NKCE966EVHN4AM4H,3821.5
CRTECN2RTNAPQ9UC,3063.25
AVCEJCJSV7YSUEGN,4479.75
SHOEBGDMZFGMWGSD,4143.75
JCKDXPJGDX8MMGDF,4182.5
RTRDNHMRFZTR3ZPZ,3915.0
NKCEFFFPSG28KBZR,5036.25
BRAE8RSARRKPHWUY,7164.25
NKCEBFWTZCR2Z9CK,8337.25
SNDEHZKGKGHDFG57,3545.25
GOGEHYHYGRZFMC9D,2195.0
SOCEGHM6YYCTBXHS,2062.75
SNDEGQ7NBVGASKHA,856.5
MUGEACY8Z6RG3GPV,3459.0
NKCE38HB3Y5YH3UF,3634.75
MUGEB3GZ5HYHGBQT,2823.75
SHOE6ZQFRGNTW8JX,2961.0
CRTECN2QYZBRHJZF,4208.75
WATECDDDQ7SFDD6K,4776.25
BRFEGJANHRABGE2Y,6120.5
BRAEBBYRYZBKQRKA,9399.5
SHOECUZVNVUQ8CJF,2453.5
CRTECN2QXB8H2ZMM,2596.0
BRAEA5MZF4TEZZPH,4786.25
NKCDU4RZR83PHQG7,5289.25
WATDZ5HGJEQGGB6U,4661.5
CRTECN2QZYZK9WYV,4925.5
NKCEACWN5GXUC92H,2757.75
HKHE57EHTMJCH5FT,4313.0
SHIEFFFPRTTYYF3G,6421.0
SCIEFHFUUSZZD24P,5668.75
ACCDXFZXH75VJZE8,11249.25
BRAE6Z79CG9ZH75H,6816.0
BTCEJQYNBKZNZDKS,7379.75
PBXECDBWKHNKGEGD,2597.5
NKCE53HJHUTKNGUF,7979.25
CRTECN2QYNCSMYNX,3601.5
BLAE6DPHFYECGZ68,11818.75
NKCEC9FM6ZZGB5A8,4228.5
CRTECN2QYAPXYKZM,3076.75
TMLECXEQZXPGWW7T,8403.0
SHOE8VP932WXGCZV,3426.5
MUGEGZUH2HDYY4XF,4173.25
BRAEDW63EGE5VDXG,2672.75
MFLDUKGX3Z2J5VH9,4957.75
MUGE8TQEZKAD9WVN,2833.25
ACCEAZCVS4YGWUVH,5600.25
MBPEFHRYGGHJMRYW,2323.0
TOPEDHEA9YERKGUT,2655.0
BRAEDT7SDETZENWB,6069.0
TROEHYUVAJ6NBBAE,2710.25
TOPEHZNSWYHQYGUF,3617.5
BRAEDSGAYPJFXJJ5,2632.25
BRAE8EHTYSUXSHEM,2895.5
NKCEC8ATTJB3QMGB,8658.0
CAGE7DUYKHBTPZVZ,4129.0
TOPEBKYKJZCNRNNJ,3766.5
NKCE77RVJXKGY5HH,743.0
CRTECN2QS6YHKQ3G,4250.5
NKCE9AZM3GVSMZPT,4796.0
DREE9CPNYFZP9HRA,3209.0
NKCE7Y2Y4BFFU9A4,3808.5
SNDEDG6H5CYWWBBP,10150.75
CRTECN2QZJSZBWGH,4150.0
PTPE7V9ZRFFHG22K,4476.5
TSHEJCQ2VWZAKZJ4,3168.0
BRADM8DWKXXJDEHW,1662.75
CAGE22EFFAPMZEPE,2857.75
RNGE87FCCDJQYSQ9,8215.25
CRTECN2QZZSR4ZVH,4805.25
SFFEHUAUGA5GBTYZ,5751.25
TSHE4KACQVSBXCFC,6588.75
NKCE8NHGSHWS56FH,3699.5
ACCEGKFHWYVFNCX5,2346.0
TUNEA8UGGGDERAHT,16429.0
NKCEA5FHAKKSQCK7,159.5
ACCDSY8ESXF9AUHY,11477.0
PBXE9YWGDQYKWXRS,8928.0
SHIEHYHHNPVZEXVZ,91.75
NKCDX3BH8FVUZAYQ,6968.0
PCSECV3FSKC4P3P8,3016.5
NKCE6UWHJPBKGHZ5,723.25
SFFEHVAVYGCD3HSD,6413.75
KRTEJ9GHTVHHGQHM,3239.5
USGEJPQKBNS5KDTE,4388.0
NKCE5U69CGGXVG4C,4407.25
LJGEATZSV5VGNDXW,3137.75
BRAE8JUGGJMMETKY,1662.25
WATEHYU2ZR3UTGRK,1360.0
SUDEHYGUWDBVFRMH,855.0
SNDE5E6BCHZCC7JQ,1001.5
RNGDVJYNGRUMZJFT,4130.75
BRFECHUFKHVYUREJ,295.0
MUGEBFGFEN9A5EGR,3955.0
SOCEGKQYHGGXAPGD,3455.0
NKCE9Z2JTCBDBXJV,1182.5
PANEJQ5AMGFJKRAF,8910.0
CRTECN2QUHKRMZSA,4005.75
TOPECBAAP9HW5VMH,8692.5
BRAE8RSAVVGKRBK9,3383.25
NKCEAX7H3Y9JBGYZ,2293.75
HRCEHF2C2XQKQZHM,4016.0
BRAE3TSHZ6VEKQUG,2758.5
STIEJPM3D8HYQRTN,1119.0
LBXEHFA5TTMBMFR8,5505.0
SHIEHGXH8GPWGWFE,5705.25
NKCEAUABWU3Z8HZ6,3807.5
SNDEGFJ2GD5GWVSH,5081.0
NKCEDCT9KKXBQTND,2441.0
PLLEHQTXADABGDSZ,5359.0
SNDE6SCTV6BCGRNV,8386.75
NKCEB7CE7G7JHQPA,3921.75
PCSE6SJGPYFYGKUQ,6742.75
LCHEGYYBWP4ECBZJ,9428.25
TLPECJY7WKHYDZT5,4655.75
TOPECJFAHFF9PB94,4205.25
SHTEDCZWARQ2HZXX,1713.25
SHIE86XAM3TUG7HA,5423.0
PELEG5D24ZAYAHUJ,4890.75
WATDYFQ559FZWRSQ,7614.25
NKCECZPZ8WCCFGRV,1195.5
CAGE9YTNZV5B3WWZ,682.5
NKCEAGXHYGDBWMWZ,3162.0
CRTEHSS9JCJEZWCA,5679.5
CBKEJ3AZMZGTQ9F5,1776.75
PCSE55G4YBUXMBJK,3421.5
RNGEBKGHZFCSNZWZ,2153.0
CNDEGVK2ZMCGSCEQ,8526.75
ACBEHDUATE73ZUFF,2706.0
NKCE5U69RBZRVJCQ,3424.25
RNGEDAKAZRSRYN2X,6737.75
PACE5Y8Y44TKZ7RM,3965.25
MUGEACY8VKKQ6GJ4,2548.75
TOPE6QGAWN9YDQWZ,6481.5
BRAEBBYRWHYKY7CM,6815.75
BRAECA2JWQJZFHUU,3369.75
SNDEFGEAF4GRHHX8,331.0
WATE9ZYZTKUEFFVG,7609.75
SHIE7QCY6ZQSUF6E,5383.0
WATED9T48YVSTAA5,3044.5
SHIEB85ZA9EMJ4BZ,6383.0
SHIEARR3DXE2SXRF,3928.25
TOPEGHZ6VKKVGYNR,6230.25
WATDXFGTFHHKPBNV,1839.0
SRTEGWKKZNUYX7HW,7871.75
SCREEMC7DYNN5YHF,4661.75
WTBEJ9RTQQMB9VYE,3397.25
NKCEAMDRQZKUXEYW,4976.75
BWLEHTBPHRBSDEYF,8810.75
CAGE5HVNTSEFWCW7,9547.5
SHIE55GT7F6HYXDT,3704.0
RTRD4D3EGBAYBG2C,754.0
SHIE7MGDC6ECGFJ8,3782.25
BRAEB2S8RRCWFJST,2537.75
SNDEHZPDGAZBWJTM,787.25
BRAE7SQFUBCGUCWT,1097.25
DREEGXZ2QN5ZKDGH,5783.5
CRTECN2QUHW9VFFT,2977.25
NKCE8VQHVG89RUY5,5707.5
BALEGFWE2Z7GTDMS,3615.5
TKPEJNDEFYSRZSXF,5676.25
SHOEHYEAJCGEP5UQ,2736.0
LTBEJGVNHVHPUZ9G,9102.25
CAGE4GF7UWGZHN7J,3022.0
NKCE4TV4VCFGY5UH,3901.75
TWCEGJZKVYZHNE6Z,4096.25
BRAEAZEFXHCKE3RG,6608.5
FABE92NVWSKPDK8W,3905.5
BRAE8UZGKMFVSG2B,6717.75
NKCDZFJMRP2XBBTK,4364.25
RTRDZ5PJTSHHXGME,6878.75
NKCE7AGZESRQGFHG,2676.5
CAGEBTJBTNGGDZQZ,4960.75
MUGE6SYU8QAKS7UH,3846.5
MUGEAGGKYUB8SYA5,4164.0
WATDJTR979TAXJJZ,13391.25
CRTECYY4ZHUZ6HNT,5050.0
SUDEHYGUXGNXBNZM,6111.0
CAGE3FX7XZGYHGRJ,3569.5
NKCDWBPZ9PWWVGN2,2457.0
NKCDXYFHNXGS6MSE,3123.25
BRAE3TSHVMCW7NDZ,7939.0
MUGE6S9YZ25CHZRN,3144.0
PCSEBDFUMFZZQDJW,11655.5
SGEEG7CR5YSTGTFT,4642.0
CRTECN2QVKZ4P6VP,4029.0
BRAEDSGBTTMMSZZM,3247.25
SHIE6ZSBGF3GZZFF,2626.25
PTPE62XBPSEHCQCR,8189.25
WATEYUZXN2DHGZ36,8102.0
SHOECK2FYYWUT4KM,5094.75
ACCEDTNRJXYZHZZW,6413.0
NKCE9336FXG94XTG,2346.75
JUMEJCDRCWWKBQSX,9563.25
WATDZ2ZQTPKQZEHG,6737.5
TKPEGRKHT4832GFE,3657.25
RTRDQZMJBWHZCXZT,12284.25
CAGE6HYJGDZQXHQD,10215.75
SHIE8VY9ZYWPUBWV,2740.25
NKCEABYZYMNATYGH,5121.75
RNGE4Z3DDZ3YAKSG,6111.75
SHOEFZXRNYJKPPYG,4791.5
RNGEAHG8GKFRK38B,5262.25
NKCEA4CAMNKWVXTG,5252.0
CRTECN2QT4YABNGQ,3361.75
SNDECYKYTBUYUEPU,8162.25
BBAEGGDCFERYAQHU,3423.0
PCSEDE6ZNWQCXWDY,7762.5
SNDEJH4DBHFK4N7B,4732.25
SHIEAW8RHVJNER3B,3743.0
SHOE9UDJKNVSDH72,4606.75
NKCECZJQSWTUUGXK,4165.75
BDSEJJCKFGYZR4GS,1750.25
ACCE8XZMKHTPSVFW,6642.75
NKCECCMFZVWGAZXP,3812.75
BRAEDUXKWHZFVQN7,2189.0
BRAE8RSADX6YHAQT,6566.75
CRTECN2QTVAGYNZ6,2424.5
SNDEFKFNCHPREWPN,5766.5
BRAE3TSHVWYHGGWH,8023.5
BRAE8WYHNGG7ZXPM,2474.75
TOPEHZNSDHHZDB4G,355.75
CAGE773YKTNBTMMH,8226.75
BRAE2NF6S8WKV2FE,1632.75
WATDZ2ZQPXHZYQZJ,5658.5
PCSEE4H5GPSUFGGX,2721.5
CRTECN2QYG6SNGZE,3095.0
PCSEAH5WAEHFFNDZ,8982.5
TOPEDFTZPFYP7UZU,4508.0
NKCE7VKYZ8PEGCG8,5033.25
BRAEE6YMBUAGK2FH,4944.25
SHIECKYBQQNHZFZD,3033.5
PYJEGN9Q9NWSUYGB,8327.25
PBXE5ZJZY2NC256B,3251.0
PCSEAH5WEFMRTDEX,8437.75
TSHEG57TG27P9EZM,3745.25
BRAEGJFXUHYZPDWZ,8191.0
SKTEC88WSNYJKWY7,194.75
PTPE6GZRTJJCSURV,3252.0
PACEARXTEE2R8CNT,2986.25
LJGEYGHD2YPQHQGZ,4452.75
SRTEH2FGBDJGX8FW,1952.75
NKCEGGFGCKCZS72F,5951.5
NKCE9AZMTYBWTAV3,4523.75
BRAE5PKZGX8HNT8Z,5376.5
CAGEBTGH3CHD9T4T,4811.25
HRCEHF2CCUFD778C,5257.75
DREEGSMKFEHFFYNV,5900.75
DREEADCWZ6XFZCGJ,1088.75
PCSEC86WZXZPEEZB,8095.0
SSSEHFZ34KRWYGSH,3058.0
CLDE26U5N2TSHREG,5119.75
CAGDTSJUFVMVP3XG,7032.0
BRAEBB6TWYYGKYQC,2396.25
PCSE76X4K44HZ5YY,6146.25
BRAE8TFHXNFSGZHZ,7747.5
SGLEGBV4XF6GBWZS,3218.75
CAGEBXZ4UGZU65ZV,1430.5
NKCDX3BHQDPKVJ9A,3480.75
CRTECN2QUPXANVU9,3380.75
FFLEGEXHXGFXZAXY,6675.75
NKCE7HN9F746GK2E,13744.0
ACCEAZCVU9RPHNFG,6478.5
KTAEHE9KFWXNYHFD,3167.75
CRTECN2QY2WRVENS,6359.0
NKCEFP3J2FKVYFRG,1505.25
JCKE2HWFZD5HZRE5,6192.0
BRAE2Z9VJ8B8FAD2,2202.0
FABE92PZSEPSGZFK,1538.5
WATEYAP3B7Z2BSYV,7220.75
ACCDXFAJ8NGKEQ5A,2558.5
CLDE9Y64GKDGAAUG,2195.25
NKCDU4RZRKCZWYQH,1474.5
PSIEF4ATFU6QYETN,5220.5
CLTEJ5ZZUZKHHYDK,7456.0
JEAEGBX2FBDMZK2N,2721.5
CRTECN2QTXCGYGNC,4629.5
ACCE6FZPTNC3UGSG,3000.0
PCSEE4H5KH5KUBA4,10958.75
CTTEH9FYJFQMB8M9,6039.5
BRAEBXRBXYDKYPKB,3340.75
WATDQKYFVYKGPAKA,6883.0
CRTECN2QSTZHJTKF,1904.0
CLTEJ5ZZMTBYXWZQ,6054.75
DREECRS5RGQZTYNE,4810.0
DIAEJ8FGHZ3K86JU,1184.25
WATEHZN5BG4SUKBY,4826.75
NKCECS3FSXUA56AU,10755.5
SHIEBZ7UE4BXMK98,1997.25
SMCEJV6XGQDBMGGQ,5741.75
SHOE39Q6PDKHYY2F,987.0
BRAE3TSHYTS4FCU4,8081.25
ACCE7ZK9GP3YCHBP,2150.25
WATDWGAHG7AHMW6Y,3358.25
SHIEASFWXZ6H28UY,5430.0
BRAEDSGBPHRAHEMU,7506.0
BRAE4ZWYGGWFKUM3,3945.5
BAREGGF8NBTFWU4G,2963.75
PTLEH3D3VTGUCQBK,2842.25
BALEEZ2A4SWPXJU4,1808.25
CRTECN2QW62MTXAJ,2728.0
TOPEDTKMHEGYN2GA,45.0
WATEHZP5RHMMCBPZ,5944.0
KRTECZHGC97Y3DGK,7766.25
ACCE6DZCJZ3M2DAT,1351.5
NKCEBUPHUZM4BRWF,674.0
ACCDSY8EYXYYYYVK,11109.75
SHOE4HKYRFPHCJWX,3508.25
DIAEEUAM8QXHB7BD,955.75
PELEGNSQYKKHT2ZH,5326.75
NKCECYNZ8HHZHY3N,4177.75
BKPEGUJHJFYS4FCU,6036.0
CRTECN2R6SGHFHGJ,6020.75
DREECRS4FHNBDJHY,5339.25
SHIE7BZ9XWCHEYPG,5580.25
PBXED9Q2MZEQWXCP,10119.0
CAGE5RNE4JVBXZBX,1989.25
WATDZDGRQBXTKHPW,5258.25
NKCE3Y5PSKAJSBPY,6611.25
BRAEE6KRWZZGZKHX,4184.5
NKCDYQ3RC997MHB9,6406.25
BRAEDXUVZPX2RVVP,2717.0
NKCE8JMCMGCHCYDG,1314.0
SKTDDA4YREGBZDP3,6460.75
CAGE9A68NZMEVPPE,9796.0
BRAE6NZAQBHWZNMT,2502.5
BRAEAW9HUCVYHBHE,3115.0
NKCEYM3BHZHMYT7Q,4381.0
MUGEACY8ZBCGS2ZF,4074.25
PBXECUFGDMEZWMYB,1310.75
ACCDX8ZUEWUKFHHQ,4088.25
RNGE7GVYZGVHDS2V,9828.5
RNGDTBQUJUCRDTCK,4485.5
PCSDY5AHHQSXZARH,1131.75
PBXEAZ85KCZED6ST,3129.5
NKCE8HSQEKWFAUYS,2041.75
SFFEGEZCEJRG9HVF,4155.0
JEAEGWYDZYDRGXQF,3981.5
BRAE8TFH9J4PHP2Q,4508.5
BRAEB5BUYYSV9TEQ,2270.5
AIREBB9APEFZYSFB,7858.75
SUIEHFNUU3BDCGZN,161.0
WATE9M3RRRKZK4FD,201.25
BRAEGJFXBGRJKXPN,7104.5
SNDEDF6WMSQJEGFN,7409.75
TSHEGG9KQHGQEZXS,5273.5
TIEEHZDEDRUH6NMB,3249.25
BRAE9C3MZZ7SKKSH,7392.0
CRTECN2QYAWB9FPE,3753.5
NKCE8T78YZYEQYDD,3408.5
RTRD7XKFDBPBR6CV,101.75
BBCDPFZM6V585ZZE,1787.0
PCSE5VQ3FBAPKERB,6686.25
BRAEBADVVRBUXZGN,5684.25
NKCECB9KEYRV2SU2,3585.25
SHIE9GH8DZF3APB9,5038.25
BRAEBXRB322WRYZF,9240.75
RNGEDAKEZXMAXYKB,8612.75
MUGEAGGKDCJHRYBY,1455.0
NLPEJUMTYT8BP983,525.75
BRAEARZHZF7HFYM6,2375.25
ACCE3YFFQY82H72D,7680.0
NKCE5TFVTYJC6VMW,7111.75
RNGE96Y3FNJ4TVSA,9224.25
CRTECN2QTGFWHYBY,3501.25
SNDE3SNFMHARS463,2828.75
PCSEC86VYYXG23ZB,9909.75
TKPEG6PZEBEYFB2M,11998.0
PCSEC86V2P4M3TXC,8299.0
PSRD7NKJGFMGAZQG,5230.75
SGLEJJA6TVC2KYUH,144.75
BRAE8WYHNJ2B2ZEJ,4219.25
PBXE6P4FHJJCQZXZ,5651.25
BRAE3TSHZGWGT6WP,6234.0
WATEHZP3ZA9YT99G,9.25
BRAEE4H4XNG34W5Q,3800.5
CRTECN2QZSZMM3YJ,2045.5
ACCDXFPFH66QGGR2,16548.5
TOPE89Q4SYQXFGXF,3624.0
NKCEBMDCUWFNR7ZC,6003.75
NKCE9AZM5ZMSFXSX,3969.0
ETHEGYSVEZSH5HUG,4052.0
CAGEBTJBAQKZUVQD,8315.75
RNGE7M92H9QHRKEX,9431.0
CAGEAFDBEJY56XSE,561.0
HKHE5QUYGQAWURCP,4255.25
PCSE4V8HN6NGMFBH,8438.5
WATE8E8PMU6ZRZGZ,1358.75
SNDE2RXYKZZAMNGT,520.75
ACCDXFA6DYGMS3FZ,5712.5
ACCE6DZCAGSQEW3B,7911.75
BRAEDQEDVTAKHTX7,1942.0
TOPEBYXVCYTBF6MX,5846.25
PEAEETEJMJZ75EVG,1910.25
CAGEBXX7YEQZQQ2J,1893.25
BRADM8DWS52HEGJV,5574.5
SFFEGJZQHKNFMPG6,2537.25
TOPE45NZFFUDHKZR,5485.75
PCSDY5AFQE42NNTK,2585.25
NKCEANMPRRRUSPZE,3336.75
SNDEFV8ZSKGTFAAC,4472.5
NKCE88AHMVQHFZHU,1337.75
CAGE6FYKGSNJWBG8,1678.0
BRAE9WYKVTCZYNUB,1253.0
CAGE7CZR6ZD9RT3K,9133.25
CAGE22EEX2HKGXFQ,4285.75
JCKEG4AKNM3HP3MG,5006.0
CRTEA7HANRC9HYK3,8626.5
MPLEJEG8SDGZ4GGP,2966.0
ACCDX8ZTH89YR2ZF,7023.25
CMTEJQYQEU2GBD2V,4390.5
TOPEYY5YQGGRWGGZ,5401.5
TOPEG3ZFYPPG9HZM,5167.25
NKCEYTXEPHXSXDKM,4245.25
ACCE6TJTBHE6YHDJ,2765.0
SUDEHYGUSSZGDBRQ,8995.75
PCSEAH5W6GBGTD9Z,2387.25
ACBECFGT74DBRJRT,3078.75
PBXE8WPTPZSCW8UP,3409.5
NKCEC86VG3DP9ZGQ,2341.0
NKCDYRHGGJUVZ7WC,2577.75
TOPECUYTF7XTXND3,2982.25
ACCEGF6WWRAUMRPT,18.0
MUGEBFGF4ZDPGTZZ,4184.0
MUGEB7J7GPWUH6Q5,1539.25
NKCE7MBRTAZB2DB5,8263.25
BRAE8VUUYMWAYSCK,7506.75
BRAE5F3KHPGUMPCW,6697.0
NKCE69P8JR2ENBAG,2722.5
MUGEBJ7XHN9UYUH9,4333.25
SNDEGGQ2QZ2HMFYB,6168.5
BRAE7YF6E3PH9JGW,5357.25
NKCDYPDSFAFRAQ9T,6733.0
NKCEBZNZXXAKBVMW,3261.25
SGLEJFM3XXXGKXDA,1789.75
SHOEJGFU7RXZXFEM,3730.5
BRAE9G83CUBM56TA,5805.25
PBXE9GF9XZTGMCRG,1249.0
SHIEFFFPVBQK6GBH,8523.0
CRTECN2QZ3XEUPTT,249.75
MUGEACY8NCCXXWJZ,2316.25
BATEGR3ZHKPGMHXD,5825.75
NKCEA4CAU4WH8RKF,3588.0
ECOEH4BXGVMBYEMG,2460.0
SHIEBFXDQYHQAUQF,5912.0
BRAEFR6J5FJ4FUZY,5289.5
NKCEAPCVJKG8J283,4004.5
NKCE4VA4M2ZKZGUY,7724.5
TSHEGZKMZYGHZPRV,6051.5
TOPEBWGFN8MFKKKE,3588.5
PCSEAH5WHJCJWVQE,5464.0
BRAE6AV3FZNGNTXH,2406.5
TUNEB7FU74F3UGVH,15469.25
RNGE7M92BFXHH5VT,4829.0
CRTECN2QYSAMMGRW,1884.0
PCSE4TF4DYGDKZCT,7452.75
BRAEE6YMRVXF3HNV,7703.25
BRAEBCY3WXYZEGBU,5322.75
JWSE6GH6HKQFXTTD,5158.25
HSAEH6FCCGM7HKUQ,4912.5
BRAEBBYRCKVHHG7Q,4959.5
SHOEAPT3RUN6RAJ2,1128.0
CAGE9ABAGXS3WZDB,5421.5
RNGE65FGMRNRDSNH,7681.0
CAGE22EETSQPZKZA,8237.0
PCSEDPHM4G7WAYBA,9534.25
RTRE2TYNWTGTPE8D,3073.5
PTSE4ZHEZTF7UYNK,10929.0
SCHE7YGX8SSZCHA2,422.75
WATE6S3AZNHMPTJA,8130.0
SHIEY6KFSWWZVUVT,4420.75
CRTEA7HAC5HFBYGY,2914.75
SHOECK2F25ZZS6GG,5190.75
SHIEHZSPHYJF494X,5593.25
BRAE77MQQGG9VQVK,2351.25
BRAEBHDVYFH5AWYH,6982.25
CAGE5GE5YRY2YNDV,2540.75
BEOEGXRWE4NDBJNV,6215.0
RTRDNGVMCGNCTWUU,5602.75
GOGEHZ5P5XDZ2UZF,4859.0
SHIE7MGDAS5B4JEY,3887.0
CTTEH9FUH3GKT3TF,3361.5
TMLECXEQ9PJUZGTY,9064.75
PELEGNVBZXXXKDNZ,1813.5
SHOEFSE2WAFKZFHX,5166.5
TSHEHU5RBAFXVFHK,5501.5
FSEEHAGGGFHQJKWB,10007.0
SWSEDXEYKZKKEMSC,7769.25
NKCE2MBFEMAJTEBD,2565.25
WATE8GDGPNKRTURP,1506.25
WATEB2FZUMQU4W7R,1652.75
BRAE4YXVJ86CZF6F,2158.0
KECEGTXHVYW47ZZD,3933.75
PCSEAKVBYGBZXKNS,7925.75
NKCE5QSZPBG9THXZ,3907.0
NKCE6SR4GUG326DS,4586.75
CAGE9ABAFWTJFGVY,314.75
SHIE4T77GMCNHFBC,7826.25
PBXEACG2FBGPQKWG,3753.0
BRAEDSKC3YRYJZCR,4316.25
PBXEAGTNVHGQT75S,11586.75
TOPEBTGCPSWPYGRM,7724.25
ACCDQDYBQZPEEXTY,17335.75
WATEBSZUTGAQBCFN,1379.0
CAGE9ZGYNRZCKNEF,6176.75
SWTEFZCKAC4MABVZ,5539.0
RNGE87FCF5VXWTKH,4998.0
LJGEG57EHMYZQDZU,1317.5
SHOE6VH5FY6TXG62,2365.5
CBREGH79HVGFZQYW,6380.0
ACCDWGG3HSCGUN9V,4761.75
PTGEGUPYWSZFTDCB,5033.25
SHIEERWHHPMWHPWB,6326.25
SOCEGGZ8MHX79YGA,1993.75
NKCECQYZXR4K76BH,10637.75
WCKE2TFYGMCEPV5G,3655.25
JEAEG7CFYNZDJEVD,2500.25
TOPECY77GYMZDRGX,3901.0
RNGE5GSJTGW5V9CQ,13680.75
NKCE49ATDNH39ZYR,10293.5
WATDSV3UMUNAXURA,9676.25
BRAEDFYYZUQJBTEH,4642.25
JEAEGF6NVGBFHSHH,4798.0
NKCDSCF3GCSWCNMP,12222.5
ACBEHDUBQHXTPAVK,3474.5
NKCDSCF369WABYU2,11997.0
BRAEB2ZTUJJFFQTE,5363.75
BRAEDQFRTQFYPJ2Y,3876.5
TOPE8Y6THTGRDF9D,3768.25
TOPECAE3JJMVYJFF,5219.5
NKCE5DGMUGHTVMW5,2978.75
BBAE9ZSFDZ5JEFGA,6216.25
NKCEYYX9FZWBEGQF,3858.5
TSHEGHHU6C28JJUH,6860.75
MNGEJHG7AVRHC8VF,6743.75
CRTECN2QYV9WPJUC,4993.25
AIRE98PZQXREURYP,5142.0
BRAECFARH6PZ4J4W,3409.5
SRTEHXSHU8DXFRYM,4823.75
RNGE7GVYGYRGX5VT,6479.25
TSHEEDY3HY3Y2HAM,2644.25
ACCE5HSSFHVYZFGH,3931.0
KRTEBKQJFWMZHRRF,10037.75
NKCEC8AC6XFX5NGF,2287.75
RTRDGGQ754BDWH7U,2704.0
BLAEEH2ZH8PNRD6M,7423.75
NKCEAGXHHF2ZFZEZ,4969.75
PBXEBKWJEADHCZVN,3655.25
ACCEGZ66PXG5AHHJ,5179.25
RNGEH4G46M4DTFSM,3976.5
KLSEGUGFRDBSSEDM,2631.0
NKCE7KY4YRMECRVN,3720.0
NKCE6ADEKEGUHPCP,4285.75
BRAEDSGQ92HDFACZ,6123.25
WATEHZZXEGZEZZBQ,3743.0
NKCE7MMG4PWWHFM7,2840.25
NKCE9Q93GVK3B8MZ,969.5
SFFEGZBWFGFTGYY9,6542.25
ACCEHR4HMGHFRQAC,2993.0
NKCE2RPCBRZFJZZM,32.25
CRTECUWZXMV2YZ9G,2811.75
RNGE9GWQJSAAFF48,10033.25
WATDXFGTP3FEMGEH,10853.0
TOPE5WX3KMNXGUGM,5467.75
CRTECN2QZFVWZMTY,1936.25
WATE26J7Z9MEZZKH,14541.0
NKCE5EF4H8C5MCGD,2545.5
TWTEHH2BCWXHVTHF,3907.5
MATEHF3PGYP4ZDPB,8124.0
PCSEAKVBHWNWCHGU,6272.25
NKCDRDWASY2HY4V8,8538.25
PCSEAH5WDKWZZ2AU,5847.5
SKIEG6VFMGKXVBDQ,6163.0
TMKEGWTM9RBGGFM4,4796.0
TOPEHFGNNEE2ZGBU,13097.75
WATDYFQ5UHW3SK4N,8470.25
NKCDU4RZDXGZHGGA,4186.5
RTRDVFAPZMNA8CHC,613.75
MUGEBFGY3HVWBKY4,5533.75
ACCEGYPF35GBXNGB,1209.75
CAGED6GK44DCXKZM,4918.0
NKCE88AHRCD7KNQT,6257.0
BRAE6ZCHAQFRYMQY,1796.0
CRTECN2QUZSRCEN4,4183.25
PTPE7JZCBGGKPSGS,4092.5
WATEHXGUJCYK88TF,2158.25
SHOEDP7ZGYFKGWNH,1423.5
DRPEHYHMFE6G3XZG,4473.75
WATE2FAHSMPK4TPR,4724.75
NKCE9ZGXYYRZTXZS,9313.5
NKCEANMPGYRNMZJP,3880.0
BRAE2NF6XGU42KGQ,4870.5
SHOEFPMKKVP2SVZD,5122.75
WATEHYHPZSDEGFBT,4400.25
ACCEAZCVBHKKDVMZ,6204.0
SHIE4THTCWNHTZXM,5284.5
BRAEBXRBCCJAF72G,2444.5
WATEHZZSSCU4YXYG,4004.5
VLBEHHW6ZWDUZNAJ,5493.5
KTAEHE9KFCMVVSBN,4226.0
SNDE9HRW9ZVPG9A6,7934.0
PCSE4A2ZBHGAVCDF,3315.25
SHOE4UC3MJZF3VFJ,4667.5
JWSE9CZDPATTCRX7,7539.5
TOPE8YMASZEUXPRY,5136.5
ACCE8WYMVWNXBBAH,4035.75
JWSEBCY4HHXYGZJG,6031.75
NKCEDFNHMTWNTVHA,2552.75
TOPEHZNZ9YZYYAPU,3797.0
RNGEDAK2HFRD72HE,5506.25
SLIEGXZYZTTSZD9C,4358.75
NKCEDCT9X6VHCF37,3343.75
PTPEAT32YEZ7G4BB,4495.0
CAGDU85YYWZHHNGT,3808.5
BRAEGJFX7PSVECHP,4913.5
BRAEBG4DCHJMRYZZ,6915.75
RNGE864HQQUYJQHB,5505.25
PCSEC86VHTYFJHUW,6938.75
SHOEBYZGZ682N4K2,2888.25
BRAEDX66GWPY6KJ9,5805.25
TOPDXQWEF87REHYJ,5587.5
NKCECZG4URZY9DZ5,3806.0
TKPEH9F5BQTQAMSC,5933.25
WATDZ5HGF5UXGZVG,9285.0
BRAEBBYRYTEEDDA9,10520.25
NKCEAFM7PNFKNZSH,4180.5
TOPE3NVYKBXFRYSG,5143.25
NKCECGVAMX6ZGEVH,2669.75
DREEBAQ9YMYF2Y3N,4904.25
MUGEACY8EVX5VAMD,4537.5
CRTECN2QSZFWPZFY,3814.25
WATEYAP3GD6VYR5U,8118.25
RNCEGE7HZZRPMSRF,119.5
ACCDQDYBNKEVMMCU,6093.5
PCSDY5AFFB4EXAX6,11239.5
NKCE9G2BHRUF9TWB,4805.75
BRAE8TFHZJ6A2FFZ,2652.0
CSOE7JP6ZHUG9HZR,3548.75
JEAEHYZMPCBH3HCZ,4156.25
FABEAJUHKKTRCNQX,3346.75
JEAEGFMQSBYX5M4A,7071.25
NKCE9YFCMXP7QXRN,6228.75
NKCE9TBYPBNJYZRS,2085.25
ACCEDNXYRZWBPFDF,8024.25
SHOEHXFAMFH3PDHY,3994.0
PACEB2XUZJWEY8BH,4774.75
NKCE6XU6USJZXSB8,10845.5
SWSEHTRZKX3HZCMJ,4466.25
PCSEC86V2Q6P7PAB,6496.75
NKCE6GJ5GD7KR8KZ,1001.0
CRTECN2QUAQVZREG,3621.5
CPCEJCCPYGHSTWTF,5989.0
NKCEBBEYX8NWRXHA,4012.0
BRAEBBMQWK9K65UU,2390.75
CPCEH2BTGUYS5XJB,4358.5
WATE3FAXGFHMASYX,3227.0
NKCEB98T6AZZCH8H,6284.5
RNGE7M92NWJJEHDD,6425.0
RNGE8URWFPRT4QZ3,7100.25
DREEFFG5PA6AVFH9,5600.0
DREEGNWGSHTUKCZM,7669.25
LJGEJ3G6J6Y4UUH8,5944.25
NKCECZFZNVGGSVBT,5447.0
ACCEGZ6BDHTWARMS,1332.0
TOPEDFACGQGAAAST,4383.25
NKCDU4RZCR2FGCCU,3741.75
SHIEBQF6VHTX2HYZ,5777.25
PCSE9Q6VCVMWRAPN,1386.5
PBXE9A6DECDDMJHH,1591.75
SFFEG7FXSSCPUMFQ,496.0
NKCEDCT9Y2YDXE7H,5782.0
NKCEBMDCG3PEZTHX,11061.5
CAGE53FSJHRA3SKZ,3903.0
SNDEE5FM7FEKDRKR,4099.5
CRTECN2QWM2RYWZ6,3185.25
CPCEJMKVMKTJ3WHM,5450.0
RNGEDAPTVZZTHMY4,5666.75
TWTEHH2BXEHVZD7E,4680.75
SHOEGAJFAU2N5RUR,6034.25
TROEJF3VVVJHAGBJ,6494.5
BRAECKHYM8BYAKHR,6508.0
NKCEBGJZEMQ4FK2F,2557.5
SHIE93F2DYWFVQNG,2657.25
ACCEAZCVJZFACTYS,2215.0
CAGE4BQYUXBFXZVF,6675.0
CPCEJMM7HWCNNGBR,4751.25
NKCEAVZ3KGJFW6FS,10510.25
CCVE3Q2TBZRQYZSZ,124.25
TFHECYGAREJ2ACWS,5159.25
CRTECN2QTH5UTZFQ,2046.5
NKCECXEAF6GMGJTF,6267.5
CRTECN2RFMUGEFRZ,2863.5
NKCE8HVPHGWPPMQJ,3245.5
MDYEHDH9HMZPANGJ,9872.0
NKCEBFWTSPVWSGXF,775.75
SKIEG49YYDQ2QDKM,11838.0
NKCECZMAXJZH6XJY,8289.0
WRSEGHG9XGHVRSJR,7209.0
NKCE9G2BYZGJGASJ,4111.0
HRCEGVM3ENRZXEPB,7617.25
NKCEBGPNHGQFQWSU,4275.0
NKCE9YFBD4MBHHWZ,6021.0
CAGE4Y4FZ7H9JZTB,1452.25
MUGEGZUNY75RZUNG,2222.75
KRTE5RNER2AGFGCV,2574.25
CDSEG6ANKKXHFEVX,1228.5
SGLEGBV6ZYCNDR8F,5672.5
CRTECN2QXZCWFWHR,3801.25
ACCEAZCVWMCUN6MZ,2276.25
KTAEHE9K8CQJMQCV,3151.5
PBXEACG29J4ZFS5Y,3380.0
PTLEHK3XF6HH8ENC,2778.75
RTRD3849TERR75YB,2317.0
BOTEEMN6NM57HSBU,3071.75
PBXEB34ZWNXHWUGV,1270.25
NKCE38HCHH7XVHZ7,687.0
WATECGG4W76YEBUB,4578.25
KTAEGX2WM2MBUSHJ,5768.25
CRTECN2QZZACHGYQ,2655.5
RNGDVVYB6RGSAWRZ,4257.0
TSHEHU5RKERGP5SG,5001.75
MUGE8S9KB8DUER6P,4573.25
BDGEGEGDXYHYAJQN,6450.25
BRAEAZEFXGVCTJJN,7183.0
ACCDQDYBZEQG6HPZ,7783.25
CAGE6FYKT4NSENUS,4658.75
LBXEHYZYWMMQA6HT,5767.25
SHTEDWTVCEUBHNJN,7737.0
RAQDCNWAGART9UVZ,3656.75
SRTEGYXHGCTXUBD2,6824.5
NKCDYRHGDS3PFHWZ,2547.25
RNGE86J7FRTSQWCR,5832.0
CRTEA7HARUAWC7VG,3056.25
PCSE4SFFZWMNJCAG,13811.0
KRTECQSNY3GFESAZ,1733.25
CRTECN2QU6HG98UZ,3138.25
CTPEGGFSTGPEZEUZ,5496.5
BRAECKHXH8BU3HBY,7105.5
BRAEE6YMMWFFJNB9,1763.0
JUMEJB3YYZM5HSPR,528.0
SHODYGFWEWCG6S88,4194.25
SNDEDKKXMX8ZGVQR,5813.75
PTPEY6JZGMWZF8H3,5935.0
TOPEH3KTNUUZHJEZ,3534.75
VPAEHT6TNFR6FWTQ,1465.0
CAGDUNH36EAX85G8,5333.5
ACBECFGT5ZWMXAVZ,8600.5
NKCE4CSZWA3EAF7G,837.5
BRAE5RZ6UGSFD9HE,2452.5
MUGEB7J7SPWJTRDC,2258.0
PTPEFMKUTCGZB5G5,3347.0
CAIEGP4YSZ4GNUV4,4528.75
NKCDWBPZGZW7X3MH,5020.75
SWSEH99SSMHCNFQ9,1123.0
SPWEJ8JHFG9PTDUF,1197.5
HMBE7G34Z5CGHWYV,2856.0
CAGDTN27DEWJYUHK,1230.0
SHOEYVXVYAVXACCW,3347.75
MUGEACY8CDCZTUMD,3588.75
ACCEJR2FXPFFX5H3,5948.25
NKCE5MEFYG3PUGXK,3268.5
ACCEGZ66Z3SSJEGS,1717.5
OTYEHQ3FPHGKV36X,4078.25
RNGEDAK8ZDN2J4FC,3912.0
DREE74XGZFU3T8TH,3216.75
CAGE6GQCCDSWABFT,4071.75
SNDEDGBMM8UGED7W,9337.5
NKCEDCT93M9UCFF4,4117.25
BRAEBYMGFCDFCEJX,1701.0
CRTECN2QTARWPXSU,4674.0
PBXEDDEFV2FSNH4S,14927.25
VESEGZRRFGMV9JRD,4800.25
BBAEBSGBZHAAQNSZ,4586.5
NKCEAFA9TT2YCXGF,570.0
ACCEGYP2U9GYXRBX,4152.75
NKCEYUVRC28U5CEK,6287.75
SHIE9HH3AFF2GXZD,4395.5
NKCE73V3N6ZSSGKT,1730.25
ETHEJG9FWZ7NZ3GK,6664.25
CRTECN2QWA68UMF7,4799.75
DRPEHYHKJX3VJS4H,4516.5
NKCECFGDJGFGXYK3,1814.75
KTAEHETWZZ5KEAT9,1452.0
CAGEBTJBTZ9HK4AU,1749.25
NKCECKHYH64EPAVZ,3889.25
NKCE9PFFUGQPHF3C,7788.25
BRAEDSGQVKFWUWVQ,7869.0
ACCE8XZMD6J8HBY3,6201.5
MUGEAGGKUQE2HYPZ,2640.25
NKCE6GKJTFMH5P4N,3462.25
NKCE9PFFZCSSMMYC,5160.25
NKCE9G2BZYKFA4UQ,3460.75
BRAE6ZCKBUYE9PTV,2301.75
DREE4DF4AD9ZZHEX,1592.5
NKCEAY3RNC2QTZXR,2033.25
RTRDRDPR9JHCSBGH,6704.25
PCSE4FKCZ23EPQFS,7701.75
PBXEBJ4N3HJZ7R3G,3286.5
LJGEJQ4MHZZTHGPQ,4342.0
DRPEHYHGNAF5UYUQ,4733.0
BRAECVGYZGZT5VU5,2520.0
NKCE7MMGPQTPZZ4H,2881.5
TOPEYZ3FCMTYGPVF,5282.75
CAGDU85YG8UZE7MX,2205.75
BRAE3TSHZWSBH2UD,4791.0
RTRD6FYY7B26SHXC,786.0
WATDGFAQCFCVSJPA,8131.5
TSHEHU5RZMHH3AHV,5368.75
HMBE7G33NPATJGH5,2744.25
BRAE9RDQHWKAKP3V,7293.75
BRAECTFYJJNYCY3X,6922.5
PBXEC8ASYZ7YS7EZ,444.75
TOPE45NZKEMCDZXX,2130.25
SHOE2FQCMD3TAYMF,3756.75
BRAECZZTSHGQZXDB,3759.25
NKCE9PFFKH97YNZH,4883.0
NKCECGT3NM7QF8WE,6978.5
CRTECYY4GWBEETBG,2896.5
NKCEC8ANGCPBJRZ8,896.25
BRAE8JUGDZBU9VR7,7320.5
NKCEBUPHRGF95VC7,2291.0
CAGE68FFZ2ZWZVHQ,1276.25
WATE2FAH5NM8VY5A,8585.75
SHIEHXZEFKZK3FSS,453.75
BRAE6YVWZ6KH2ZBQ,3151.0
NKCEF9GTBBTUSVTS,8562.75
BRAE3TSHYRVTD8GA,5258.25
TOPE4VR5DXAHVAG8,4552.75
NKCE5YA94NVQ6TQ2,1296.75
TWCEJFXHKFKVGPV7,6506.75
SHOEAVPFUVHJJRHT,2704.75
RAQDEHGUB5VZTC8H,3526.25
SHIEBZB4D4GDYYRS,4444.25
NKCDY44FCVDHFMHM,1787.5
AIREFFFUHNZVZQVR,6096.0
BRAECKHYRHKCKCKK,7716.25
RTRDZBJ5GRMDUZ8H,348.0
RTREBTANEFURUPYE,6295.75
NKCE7ZNGGKGZKEYG,1579.75
NKCEAKKRNRCZZDV3,5020.0
FABE92NVEAZSZ5ZP,4590.0
NKCE9QTMY3BFZCQD,3325.0
LJGE9TGN9YHYZEEF,4481.0
WATDNJVHHKXKVRGF,5253.5
CSPEF6X75KQDJNF2,2531.25
NKCE4VA49YHSX6KW,7961.0
POSEJUA75X5VGPAJ,7321.5
PBXEA92SYTPCDYMB,868.75
NKCE3KVS9DFHXFPH,3970.0
MUGEBFGY49MKHHRT,3078.5
HACEGPF9FDKV3EPK,5391.25
TUNE6BCYWTRKGGKA,8531.5
PCSEB3FAUUWKEPEF,7767.5
NKCDU4RZ2GGYUJGM,1445.5
TOPE8N3AF8HQ4GYA,5877.5
PBXEAFRYZSFHZ2CP,2500.75
CAGE9ABAQS8WKHHY,1254.75
CRTEJUA3CYHVYNHD,5997.5
PCSE4V8GWTGYMVFY,6033.0
VASEG3YYGEKHXWN6,3783.0
JEAEGGED6PZQCGTQ,2347.5
SNDECRS4R3DV9QXU,6656.25
PBXDT4FTQGZGVCNC,2893.0
BRAE6AV3ZZQHKDCN,7393.75
CAGE8PKGBKNCYKJK,1258.75
CSOE2V29ZTH5A3QU,3944.75
BRAEAW9HSZNM5URR,1936.75
BBAEGGYMPH6QYBFF,4221.0
WATEHYVPGMHURTKG,3460.5
PCSDY5AFGFAQNCY9,3867.5
JCKEEAEZMGBEXQFK,5408.0
WATEYAP3S3TD5EMR,9566.25
SHIE8M9PWUF5H4SF,6758.25
LPBEJGFEZNV23SVG,2376.5
PTPDXN7BGMQBZUTA,3113.5
PAEE7ZWAGCXEKY8B,7573.5
CRTECN2QZHEJ6WJC,3617.5
FABE92NVZGEQ4HY8,2645.75
RNGEDAKEG2DV5Y5D,5993.5
JEAEGEFMHBQGU5NF,2552.75
NKCEAY3RKEPGNWWV,3889.25
BRAECKHYUPMRFRTZ,1326.0
PELEGTPGEMCWUGS8,4071.5
LINEAVE2XKZNANN3,3128.75
RTRDNGVMAKRQKH7Y,3494.5
NKCEFG3D8UWFGKGE,2985.75
CRTECN2QVUET9PQ8,3241.0
JWSE346HBDCSUGR6,4845.25
BRAEA2E7XHZHG2AG,2260.25
PTPE2SSXSTFH6HYY,4957.0
BLBEJR22ZT2WUKBZ,8321.0
MUGEBFGFRPNWGQTD,1795.75
PCSEDP3UF6EYPZZX,971.0
ACCEGUY72CYWXAEW,4770.5
MUGEACY8HGXBNPB7,4366.0
NKCE5VAAU2Y7ZW2Q,783.0
NKCED53EQTZ6R4WQ,3042.25
PCSDY5AFPWQBABVU,7650.75
WTDEDGHHGDEPSSRR,15127.5
SHOEHEP5EWSGZ7XA,3912.0
RTRECEYMHGP3JXFV,10356.5
PSUEJA2HRBPYHA6K,2853.0
TSHEDF3HADCJKGWD,4150.75
NKCECGT3BZDXZ3ZH,2420.5
SNDE85CH2PN36BUZ,7944.25
SHOEFVT74G5BYHDY,997.5
RTRDA4U7UE3Z7UMB,884.0
NKCED6EXGZZKTGD7,3580.75
PCSEAHJCVPRUPVHX,2770.25
NKCDZFFRZEEMHAFJ,3485.5
CRTECN2QVVTNPXXN,1874.25
NKCDSCF3HNMXRCF4,6674.0
NKCE8JXSHFBBQDKY,3590.0
SHOEF9G8CVWHRH5M,851.0
CAGE2MACSYZCWHFG,2130.0
TSHEJT2R2XQJN8D7,6560.5
PCSE6SJGQCXQGC6G,7235.5
PLLEHQUGEB6D5FCX,4664.5
RNGE7W8T7MYQQEFR,1872.25
NKCE96SXDYMGSFBR,2892.0
BRAE3TSHYGDRV2UC,1682.5
FABEJX2NHNKCYHKA,628.0
BEMEGFHSMHZYNZB8,7037.25
WCKE2TFF4ZYGXUMH,1025.25
BRAEDZ9GVZHWZ5BG,7819.0
RNGEH3F2FAPU3TAG,2530.0
CRTECN2QTPZCMCQD,2785.0
HACEJQ7HRGNBYCEH,4255.25
CRTECN2QZMHEU2J3,7111.5
DKOEAWE2SCYPC5AW,7661.75
ARPEE3YX9Z4QGJ86,2727.5
JCKEJNH2AZGKWGZC,4684.5
BRFEFY5BN9VHU27H,5981.75
BRAECKHZWAGBVZXH,3239.25
NKCE9HF3TENMYXZY,3427.5
PCSE4SFFJSWJZVH4,5622.25
NKCEBHGBFEVC2ABB,6072.75
MUGE7DUFEC3VUZMF,5502.25
GRKEG4UVAZTGYWRB,4113.75
TOPE4ZKTSBAEXGFR,4085.25
PBXEAP3SWFZRHZ6G,649.0
NKCEB5BVMYFMHAQH,1879.0
NKCE3HG8FDBHK5GX,4095.0
SHIE8WYNYRHSFCRR,3081.5
NKCDSCF3QD5EGFJ2,5232.75
TKPEG27A7Z6JWK6Y,5663.0
CAGEYFZW7F56GWZP,323.75
FCTEJXGUNGMHANE2,7828.5
SHIECYFWJWCCHHQS,2755.5
RTRD6FYYUQZJBY6F,4377.5
PACEB2XNEBZTJZZG,2422.5
SHOE2GUHSZRGGZYY,5042.75
ACCED55XRZT9N2HH,1489.25
TOPEGVHJECVFBRMF,4683.5
DRPEHYHN3MYJDGGM,126.75
RNGDXNG3HGFQXGAH,1506.75
SHIED9AKUTQZQ5ZK,4049.25
CRTECN2QST3Z947Z,4105.5
RNGDWKZMKNTUBPSF,4034.0
DREEJY2NVHFG6GCB,2721.75
SHTE37DQJWSQ4VGH,5458.0
NKCE9ABEYD53HSVG,5311.25
JEAEHUHKMA8EGUUU,2299.75
SNDEHZPDGB2ZT8ZY,4372.75
CLTEGMUMJTPY4RMG,5080.0
BBAEGJFQZTGFHJHD,6568.25
TOPEEERRTBB77BXA,5576.25
NKCDWBPZQANZRF5M,3893.5
PCSECV3FSSB22FGE,6244.5
NKCE6WR3ZWHWKEPQ,2622.25
MUGEAGGKQM37W42E,3919.75
SGLEGBV4QFHTNHE2,5029.5
LFHDQAZP4FHGGZEM,6022.5
CLTEJQ8FTCZAEPNG,5552.25
NKCE6XU6DAWYHWQP,1911.0
TOPEBN32XAZ62CTR,3387.25
NKCEANMPATURDMHV,548.25
PCSE6X3YCSZEG67R,18234.5
BRAE4DHZDPMTFZHC,7082.75
HAREGG26GDJWFYMF,1149.75
BRAE3TSHWZREUJAC,2452.0
USGEJPQHZHYZQHBU,5909.25
WSCEJTDHY9UHKP5K,8830.25
SHKEGNS9TWHJAN6Q,4939.75
SHIE3FHYRRQGFFXN,4338.5
SCHE4YSTYDQBDYQF,3494.25
SHIEFFFPDETWTWZR,3322.25
ACCEAZCVPTGEGVMR,7905.25
SGLEGBV7VGZM7BFR,11797.5
CAGE7BZ56MVQGKAB,2422.25
NKCECG6ZH5MJT4B9,2996.5
RTRDZBJ5FZSU4AYZ,4569.25
TROEG3VYGVSB9F5H,4460.75
SHOEHXFAM2NDZBHW,3806.0
BRAEBBMQY9VZRC7G,6672.75
PYJEH93NGYCXNNFK,559.5
SHIE6ZSBHCNYY2CP,3537.0
TSHE4DNGUCMVXYUH,8658.25
CLTEHE9FD2APDRWQ,4645.25
SHOE6ZVUSR95HF6P,6866.5
SHIEGPXGZTK5B3GT,5832.0
CAGE2XC2HFSSQNSM,2641.0
SHOE2ZNGUCA4DHHP,162.75
CRTECN2QXHEYVVTX,2666.5
CAGDSNMD7GV2GYMH,3594.75
SHIEC8ATXGYEJ4GD,4255.0
CRTECN2QYASYFKGS,2991.5
CRTEA7HAHHCSHCEM,5193.0
WATEA2H8FTBKZGGG,19004.5
TOPE7T4YMXRK5BVG,178.0
NKCEAKKRTHT8RNC8,3880.75
NKCE9HF37STYM5KA,4519.5
SNDEG6GXFS5RYFGK,9539.0
ACCEGZ65AEVGSGZ7,293.75
SRTEH2FVVKRBAXHB,54.75
NKCE5QSZ6FQSNBDF,3242.75
SWIEHF3EF5PZAZUY,3647.5
RNCEGBGW9PYRXNZY,5796.25
BRAEDSHQ6X5YYX6N,3330.5
SNDEHZHVMR3XPBST,4499.25
ACCDX8ZVV2RCNYCY,3078.5
SKIE83ADUJ28U8ET,3004.75
ACCEJ6TEHCH7MCQ3,4341.0
CBKEJ3ANRFJUM4TM,4806.75
RNGEDAKBVC9TKFHZ,6188.75
MUGEACY82GPXUBAC,2870.5
RTRE4VNCJZ3UPGQZ,3587.75
MATE49ATDVVEEEAN,5658.5
NKCEAVZ3EDVJNXMT,2312.25
PCSEBXFVZSYJKRCS,8261.25
TSHEBSF9NBDWJXZW,1942.75
CRTEA7HAQQCGTPFU,3997.5
CAGE3FX7HWMQAPCG,2160.75
NKCE9PFF3WZAZZXG,2118.75
RNGE3YSW9ZUZWYQA,9608.0
PBXECWKZHWRCZZPJ,2063.0
ACCDXFA5QFCZZ4WZ,6523.0
NKCECYNZGHYQEFHY,4344.0
WATEBYZGCFGUP9HG,1587.5
PELEGPF7UHM3WUE8,5846.25
MUGE9HRRWZBDVHZ6,3170.0
PELEG5CSGWYFCFNQ,140.0
PBXEBQGMBP2VJTSQ,2424.5
PTPE4JYTPVYZ8ADY,5792.75
SHIE9J6PYVBW5ATG,3004.5
ACCE5UKY6UXGVT9P,2934.5
CRTECYY4DCRARYG9,2931.5
SNDE8VY9K2JGMJJZ,7092.0
CAGE225HGFQ4VSSK,6402.5
SHIE7PD3EF2NCGBY,4365.75
BOTEHZDGPGFHVQWJ,5361.75
NKCE7MMGJSVN3J2W,4844.5
ACBECFGTRZCFBJZJ,5705.75
WATECYMJPRYH8D3E,5170.75
DREECDCRPFKFH6EH,5071.75
CRTECN2QVZFZWKQS,4136.75
CTTEH9FTTMQQHD9V,609.25
TSHEE4WNPAZGNG97,1173.25
CRTECN2QVS6GJZHS,4587.75
SHOEHYEXVYZRGMGJ,4412.5
SHIE9FMPQBGXGTTH,3992.0
CRTECN2QXRVZAMUH,99.0
MNKDZKF6WYMMF2M5,3763.75
RTRE63NMMRZ8MUJT,2935.25
NKCEA8US7TNGUJPE,745.0
CPLEHB7C7QYBDMTV,750.75
NKCEANMPCSWGRBH5,9323.75
NKCE8NDJ76XBRZ2H,6832.5
LJGE9YJHTJZCQ5VP,2798.25
JUMEHGYX4SXZB5K4,5927.5
TOPE7QTUPGHXCBGZ,6057.75
JEAEGE5F2DTDJKCZ,3304.0
ACBEAWCZBU7RZGGJ,3818.25
PBXEACG2NG3RZZAF,421.25
PCSECYY4ZSXXVKFD,8080.75
SHIEBBWHC4YGH5GY,13102.75
NKCED7FPT2YG2GGS,3930.25
BRAE9C3HQTDHK7HA,3176.0
SHIE7ZWAT8HEHBZX,5760.5
WATE8H957FY57WCH,4298.5
TOPEHZNPUWSFVHKM,839.0
ACCE7B8NZXHA5ZV9,7153.5
CRTECN2QVBDPEQQ2,5347.5
HACEGPF9EMXPSEJU,1438.75
CAGED4CHGZGWRKEB,612.5
SOCEGHM6JKRDJY33,8654.5
BRAE6ZCHDGWRDHCW,1701.25
MUGEAGGKFYCFTBUJ,4788.75
NKCE7MMGKZPBQQS2,4510.0
PBXEBQGMSHJDXHKW,3948.75
WADECHFGPKW3DHDX,4374.5
SHOEG7NXNBF9PPJV,6650.0
SRTEH2FVUHAAVH9X,1394.5
WATEYAP3WGHZZ3FA,2047.75
DREEAM8QTHGSDYJV,3950.75
PBXEA4F5VFXHSCY8,619.5
SHIECYFWYYZHU6NR,1971.0
DRPEHYHJQNGXBZNU,3880.75
MNKE75M6XXECTDK6,2473.0
WATE9ZYZRREUHQN4,4364.75
WCKEGM8FGU9ZT8QG,2605.25
NKCE9PFF3GCQYWHR,999.5
BRAE9Y5V963WTTNW,8065.0
CRTECN2QWTEBGJAJ,4508.5
PBXE4RB3HNFDXGGN,3694.25
PACDZTD7YB2EUMYE,1100.25
KRTEJNFUHUUXGPZT,5493.5
RNGE87FCDRS5ZFGG,4900.75
NKCE5H4XW2PH6KFH,7656.0
CAGE44J5NGQHXMHF,8893.25
BRAE3TSHZRMGEHDM,4236.0
NKCEANMPKCEZADTJ,4208.5
LJGEJPFEVY9GXNGG,6803.0
BRAEDSGQVSTGKAYQ,1651.0
HMBEJCMHXNY6SVVY,3061.5
TOPEYQHGTHDHSJNM,3975.25
TOPED9T33BGVTQZS,5292.5
WATECDB6HPXBVXCF,4716.25
BRAECPQ5HFH5NFAK,1022.5
ACCEGKXQ8XFPHC9T,4693.25
CNDEGP52ABJZHGZY,3168.5
NKCDU4RZXFGBQBBP,3978.75
NKCDU4RZYKVHDKUB,6296.5
SUDEGGB3JXAEBFYW,2214.75
BHGEGTATDSHFENHT,4830.75
CRTECN2QWSVZAX9V,1458.0
BHGEGTAVWRZQTU6T,591.0
MUGE5HG8FG7YJHMD,1553.75
TWCEJFXHMSCXWE9J,6542.0
TOPE8ZAFZZ6YMGFY,4926.0
ACCDSY8EGJPW7RJB,1617.0
SHIE6ZSBHDEBFCGM,3887.0
PBXEDDEFTWAW3HCU,1157.0
RNGE87FCDWVPDTKV,3681.75
NKCDWBPZVFY7H9UY,3451.75
PCSEE4H5CYRKNRZR,60.5
CCVEFX3Y9DFJVJUU,4164.5
DREEFJ44EBBUEKKY,6847.5
TSHEJUCY9HGZMKHJ,5417.0
CRTEHSSCUCMVN7SP,3902.25
ACCEGZ5PGHCDZTNY,3920.0
KRTEC89PH6PVAQDT,1832.5
ACBECFGTGENHAGDR,75.75
CRTECN2QUSZGGH6Q,5153.0
SHIE45Q6SJGSMHTN,3815.0
VANE3KUFNUEGQNKH,6437.5
MUGEBFGFM83MRVN7,2620.75
PCSE6SJGYMZB6CHV,14447.25
BRFEGHPHWBTHAX2X,11146.0
TOPEB7BFCW7YG7KG,7086.0
MUGEAGGKJM5GUWQH,5750.0
NKCEBFWTSMKDQZMR,323.75
WCKEGGN2J66F3KAF,5589.75
NKCE49ATTPYAPNWB,6310.75
BBAEJKEC2HXUHKQE,4364.0
BEOEH25NTUDGG5TT,2577.5
NKCEBUG2XMBRJDGV,512.25
MUGECEVFKZHBDRWM,3858.0
CRTECN2QX6RSYSRG,1525.25
SHOEH4GRSUBJGZXE,3260.75
NKCEAGXHHAAGNS2H,4697.0
ACCE3YFFWB4HHHG2,3205.25
SHIE6ZSBWSCTKVTQ,2857.5
BRAEAQMANF5GRRDB,8268.75
BDSE7WQ37UVSX7SK,4373.25
CRTECN2QUT9HQH2T,522.0
PAEEAMGFVDHGDRG5,12435.0
NKCE5W33KFFZDSDY,3940.25
RTRDRJF8GJ5AFZTG,3042.75
WATDA5ZAXAP2VTGQ,11483.0
MUGE8NZC8ZHZPNFF,3432.25
AIREGYYZRAPHRFGD,6808.75
PBXE68H4HF9ZZWAB,10571.5
SNDDXFQHUDJDHZG2,5506.25
PCSE4VAVWZZECB84,8206.0
CRTECN2QVCCD9PHT,3181.5
NKCEAGXHSCG9YHAY,3490.5
NKCEBYWTBUEBCND5,4956.5
NKCEBVFYZHDYZGHD,4590.25
SBGEGE6TNPUX8STE,984.25
TOPEFCVHACWGSVHY,4956.25
SHIE8QE6RMNSGPAU,3538.25
TOPE5F53Z6W4V2CP,3558.0
BLAEE6KTGFDV8NGP,7934.25
TOPE89H8PCWMHBCP,5604.75
NKCE9ZWYZAEAGVAK,4565.25
DRPEF2XSFBAP4SUZ,5194.5
NKCDYHF8ZEK8ZM58,3695.75
SHOEGRUNZPJDGG2Y,4664.25
JEAEGFMZ7SGJWBR5,5565.5
BAREGGF8JSE3HTF9,5030.0
SHIECJ45TFDT4EPB,2945.5
CRTECN2QXUBGMWSE,3332.25
ACCDVPGKY3GBDB5P,6481.25
CHGEJCWFY4HFYVZ8,1775.75
NKCE9YX2HGNZSZRV,11429.5
DREECJD8CZDDUJNU,4425.25
PCSEC86VEBNYKRB5,9634.0
NKCE93H2ZTHJGFVS,3036.25
SHIE5HBGDYSHVA5R,2846.25
DREEDVHXDYJCAEBP,10782.75
VLBEGFFEMY8ZFEMJ,911.5
HCSEHGV96WXQCBN9,5014.5
NKCE64Z489PQN4U4,3756.25
NKCDYQ3RPPERYA9W,4856.25
NKCDYRHGP2UFXMT7,3515.0
HFCEGNQBS8P8EDHZ,5448.25
SRTEGWKHXHCF2TME,6562.75
SOCEJPT5ZR5ADJA5,7704.0
BRAECFAREVYWQSQG,2166.25
SNDEDTCXWCGDH2HA,5445.0
GLSEHPS7UYJVYUTR,1748.25
BRAEBBMQWBGB5ZFQ,2709.0
PELEG5CSGASSHHBK,1358.5
ARPEE3YXEPFNJGUZ,7190.25
RNGEDAK7ZDCDHUZF,11704.25
SFFEGG74CMKFQVHF,3513.5
NKCDTAXFQMHPMUTQ,7689.5
CAGE9ABB78YZUHEQ,8287.25
NKCDYQ3RCVCSYD2E,3363.0
BRAEBUHYHEYKZKHK,6852.5
WATEBMY8HWCHMZZ5,4858.5
SHOEBYWT3QBBAVXJ,5274.25
TOPEFGG8TJGJ7QDT,5113.5
VANE3YXDHDRWR9FU,6888.75
ACCEGKFHHFX5B8HJ,3901.5
RNGEDAPSZFBHAGJY,4896.0
LJGEHFBTFDGHGGWD,3586.25
NKCDRDWAZU9ZJNHZ,4636.5
CTTEH9FWFHGR9EPK,1589.25
BRAEBXRBH28AMHPF,7778.0
NKCE7MMGPQRJ3PEH,3194.5
BRAEB9SJUP6T68FB,3404.75
MUGEAYHPFEWRVJH6,2663.75
NKCED6EXRYZV74VY,55.0
POXEHPSHDKBCTWCF,5053.75
SWDEJWDGXNYEXPXF,2958.75
PBXEAP3SVFJRZJK2,4094.75
NKCEBP8AQZGMMWT9,5143.25
ACCDXH5JGXMTZFTZ,7311.25
CRTECN2QZUD25VFN,2113.25
BBAEC897YCBZPV8H,6964.25
PENEGGTYTYGDHXQK,5095.75
NKCDW898UNJX5BWE,4774.0
NKCE8ZJ2643HGFYQ,6462.25
PWTEB7H2E4KCYUE3,443.25
KLSEGTBQ6PSU8NTG,8130.5
TOPE7QTUDHZZZHVS,3751.5
ACCEGZ6BY4ZPBWWV,864.75
NKCEYUVR3MHTVGGJ,10141.75
NKCEB2S9CGCM3CCQ,3880.75
NKCEGGEKZXHG2ZGN,6262.25
CRGE9667SJM3Z4PH,2327.5
LBXEHH5WRYQQGNSM,5497.5
ACCEGKFHRM4ZGYZP,10.5
BRAE4VPRPHT9SYZZ,2015.75
SHOEBDTHZDHFPHHG,5059.5
SNDEJGYFP2AT3FMH,1407.25
CAGDW63HG5JBCVGA,495.75
TOPEBBGNQEVQZ2W6,4468.75
TUNE6VK2GCBPBYFW,1633.75
CLTEGMUMNQXUEHHX,6251.5
PTPECA2QYCZH8MBV,3558.5
CAGEBTJCMAJG7NW3,2670.75
SHOEDHHSRF6FMWGA,2607.0
NKCE9Q93AZYXVKYN,6720.5
PCSE2ZMUZH9PARZZ,1589.25
NKCE7MBRM6JAPEAX,47.0
CAGEBTGEHMQUS8NH,6609.75
MUGEBFGFRUMZGKNN,2714.75
CRTECN2QVZZS3FER,2572.25
WATDJTR93NB8HHQC,6865.5
ACCEGSAZPGAHTHNH,4747.25
NKCE73KHF8KTYMRQ,4003.0
TSHEHU5RW2VDGFKZ,5645.75
CRTECN2QUHGUJNDZ,3952.5
RTRDNY65WHG9FHTS,8192.75
SUDEGGB473ACY9MF,1631.25
SHOEG7NWGF93MFVT,4944.75
SGLEJJ6HEU8GVW4W,1466.5
MNKE5YG7USVVTPCZ,2669.75
LNGEBDTBGWTXTYWT,4945.5
SHOE652MJRRMFBEF,2361.75
NKCE87C3C9QYYBTM,5104.5
CRTECN2QVJBRMHRN,3427.5
NKCECPQAERMCV6YM,3008.25
SCHE82QGQ2XPDCYM,4195.25
TOPE8ZAFY82P7AGT,1077.5
RTRD4KY4UNGYCZFG,7320.25
TOPECRP5KCUZWYGA,3561.0
NKCEBFWTHMVVNRDP,556.25
CRTEA7HA7X3CW7YQ,3872.0
NKCDXHWZHPXRF28E,3486.5
TPYEGGGZHDFZWZ2X,1957.75
ACCEAZCV9DGDZDDD,7650.5
CAGE7DUYEYWSYGBY,854.5
SLBEG68TKWYVGNKT,6632.5
NKCE7MMGWBZPZJSZ,2813.0
NKCDXHWZGDPDJG7X,4183.0
CAGE8XYYGMRKRRCH,7327.75
PBXE9FEBPXAKEYAP,9545.5
CRTECN2QZVH3J8PV,4035.75
SHIEC8ATMHEWET32,3549.25
RLRDY36SXZNHEQWA,5950.75
CRTECN2QVP7WKETJ,2726.5
NKCDSCF3PH6MPP5N,3091.25
BRAE5PKZ8QXFHWGK,2313.0
NKCDZHF7TKGY8BAX,3676.5
BRAEA8YRRGJJWVHB,2272.0
CAGED3YQSJXNZRJF,4298.75
CRTECN2QZH9J6EHK,3519.25
PBXEAT5YASJRMNG7,4388.5
SNDEDGAFFSHFKZN2,9333.75
BRAEBXRBYGYKC76H,7376.5
VANEB97UCYGMNHRY,6603.5
CAGE9ABAPMTWEJGH,5181.0
TOPE8E8NJXHZ4S9N,4345.25
SKIECYAEGGB8EPWU,5867.5
ACCEGKFFSRRVD7Y8,1757.0
NKCEYGTG8H79NJYY,6214.0
NKCE5V95W2BFNBCZ,2989.0
TSHEHU5RTMMTFVFG,5896.5
NKCED6EYRDRJKTPC,11062.0
SHVEGZUHGVYZBRW8,10145.75
NKCEA5FHSF4NWKBT,2779.75
ETHEGMHHGGCXMSYA,3462.0
MUGEACY8U2HXTXZ3,3886.75
SHOEC8QG3CV6YYDJ,4607.75
BRAEBUHTPZGHB6HG,7202.75
CRTECN2RV7NHG8XK,4521.5
TOPEFGG8FEQUZSMS,5149.25
TROEGZMRNERWAHEB,1626.0
SHTE7FR4YZZ77Z9Q,6072.0
BRAEDZA3KZVHZZHZ,2225.25
CAGE8X8XGZGQGWVN,4401.25
VPAEHPYYFKG4NG39,4318.5
PTPEFJHG6SUSBPG8,5095.25
PTSEDAZU69CBFF2M,5087.0
BLAEFNHBFWEXG6YM,5722.75
HIFEB7J3RCFHZ5DB,6429.25
BRAE3TSHZWH8YWED,2932.0
NKCEANB7H8P6QY4K,2303.75
CRTEB774Q8HJYPMB,4768.0
PCSDYQEVGFZSGRQJ,2521.5
BBAEJKECZ2ZNAUZQ,8096.5
BRAE6HUHPGFHGEER,4518.5
NKCEFMZUGH4NG7F6,2976.5
PCSEE4H5ZCFWZZRZ,6017.25
BRAEB96BZWFCDVY3,8978.5
SNDE95MFPFPJ66M6,3394.0
KRTE9JEZ28H4ZWM4,3610.25
CRTECN2QUTVCTHHS,5443.0
CRTEJUA36GHKGQEY,3048.5
SUDEHYGUMVVYKJCW,4807.0
WATDUNJ7YKMGG9RZ,5230.75
DIAEJUCEZNKKK4FK,3120.5
SHIEBZB49VZZQRKK,4056.5
TOPEAZ88AGF3KJHS,1849.75
DREECR3HFXYFPHD4,3864.0
NKCE8SESAZ4K8HZC,4096.25
SNDEE5FMQ5YQAKMZ,5371.0
RTRE9N5GJGJ2GMRV,636.25
WATEBNXNMQQQFSQG,4502.75
SNDE3E6YB6AZJDGC,14562.75
SWTEAW3STNNJSKNP,10779.25
NKCE7AGZQB7Z7UFM,3280.5
WATE7VE2MFQWBF4H,133.5
PCSEDCWJBHDR9EYU,1483.25
WATDZ2ZQHSAYJPWK,8935.25
DREECJV2GVFHGQB7,6845.5
ACBECFGTZHFZ64PN,6326.75
BRAE3P8YHGJF5WUZ,3141.0
DREEDVHXSAAZSBTZ,2682.75
ACBEB3489M4NQZBD,4949.25
EMSEDSHQ3VU6T8Y2,3765.75
SUDEGGATDVCMWGGH,4731.5
PBXEBESSDYBYUGXT,8092.0
ACCEDFVFVMKXJGGG,5978.0
BRAE3UG9P8GJXZ2X,3527.5
SHOEJUQFQURGGFY4,1727.25
SHIEJYHMR7DUKT8W,3460.25
SUDEGGATJKZYUZUP,2794.0
RTRDZBJ5VAZG7VGC,7153.25
RNGEDAKBZPHKHGCQ,6527.5
BLAEEH2ZJ3G9DA7G,6264.5
SHIEB468NVUG5HMP,7214.5
BRAE3TSHZQDVSGYY,5159.5
PBXEAFTPFDK6BRHK,635.0
TKPEFT4AD3ZQZZHN,6690.5
ACCEGYP259YXZJ4H,2690.25
RTRE3KKXMVHMRQ6C,828.25
NKCDXYFHHPBSYJDZ,4264.75
SHIECASQHFWX59GJ,3636.0
TOPEGQKDATUDJTAG,5838.75
BRAECBDFZAEZYD2Y,1614.75
WATE4S5RZ8P5JZHZ,10410.0
CPIEJHF6GZEM7SPY,6006.25
CRTECN2QVMFZFNGC,3116.5
SNDEGGRYTVYGPR6F,2892.5
RNGEBPU7PG8W88TV,9686.75
HMBEDCJHT4FCFKGD,7622.0
NKCEC87S2ZAZBYAR,3222.0
NKCEC88C4GV4UFN3,5327.25
SNDEA42M6GZNV7M3,6862.25
SGLEGBV8BENMFZGH,4592.0
RNGE7M92PHFGGBUJ,2229.0
BRAE3CYXV4JGWEDA,1795.75
CBREGYBXZKY5VKSK,428.75
CBKEJ3AN6GEACKYR,9160.75
TOPEBR5GNG9MACAD,4701.25
FABE78FYGHF22FNE,6667.25
ACCDX8ZWQFTTGZYK,10364.5
KRTE39Q4GVHFHWZV,5658.75
ACCEGGBTG3HMNHNA,4045.75
RNGEGMMBCJGQGGEF,9554.5
BRAECTFYVHHKMV9H,6212.5
NKCDU4RZRCYAZHY7,3853.75
BRAECFARHCG7P8WT,4725.5
BRAE3TSHZ2XFSNUT,2958.5
JEAEFYQHSR7BWPG9,1710.5
WATE3HFNMGVTZEDS,5419.25
SCHE3Z7Q3TSVYMRP,4925.5
DIAEJUCFHWGHUQFP,3129.75
NKCEASN6TXJGHZUE,5924.25
WATEYAP2ZFEV2JKG,4537.5
AVCEJCHCDNFTHSQC,5388.5
FABE88MH3NGH8MUD,3765.0
PCSDY5AHFNSPGSV8,4456.5
BRAE785RYFT8WTHK,7098.0
PANEJQ5YHAHQYD4F,3976.0
NKCED6GHCAHTHNCZ,9441.5
ACCDVDC8S5JWEE6X,5663.75
RNGEDAK9YXVZV6G9,5260.75
ACCEGG9V98NCXGPE,4767.5
ACCEGH6RNERXNQHW,981.75
BRAEGP6SFGYKNNCD,6507.75
RNGEBQZQGQVJZEHC,5443.5
NKCE9G2BGNV9RDXG,3560.25
TOPEYP876AAGE9NC,3798.0
RNGDTBQTBEMPDBMB,5296.25
PCSEC86VVTQJN5AQ,6955.25
NKCECZG4EYKY7XEH,2838.25
PBXE5YGWHMS88ZBW,3619.0
NKCEDCT9CFG3HCAQ,5614.25
NKCE3Y5PDN4U66HC,6610.75
NKCEANMPKCDG8DRP,8872.25
RTREFDXTZ4GGGAEX,3437.75
NKCE5WSJTFZWUWBV,5069.5
NKCEB3GZSB8GTXCT,4084.0
NKCEA5FHBGJ9JPFY,1774.5
PCSEAN2WCFR4FXVB,2944.75
MUGEAGGKYWKB6YGX,4038.0
RNGE7M92HHHRXZKG,8895.5
BRAE8TFMPNB5GSF5,2524.25
NKCEAFDAZGYPTKGF,7573.25
TROEGZQHT4UCZVKV,4755.0
PACE5P38T4FEUHZC,2754.5
NKCE8E6YSG2KQEGD,3380.5
CAGE8PKGGGHUXMEN,1763.25
PBXEBJ4NUDH3PXZY,11277.25
NKCEA5FH8FXQKFAG,4315.0
VLBEGZ7SZTDCNGTE,10671.5
NKCECZG4HNVBZRYY,2753.5
NKCE9PFF5XE5AJYU,157.25
TOPECB4EZYHC6C3B,3287.75
TOPEBW2YNZX56YAK,5264.0
PCSEAKVBT8SMGNXV,3541.5
MDYEJF57MVYHRCUN,5752.0
FABE7B2FGV9CDFZH,255.5
NKCE89MSGZ7NVZ7D,3888.75
DRPEHYHH78DZHUZG,290.0
NKCEDCT9HMYQSMGV,3472.5
NKCE7H5KZTH3V6AF,4236.75
NKCE2W3WYHE8SCJD,5583.0
NKCE9PNY6Z8VKAQY,6493.25
FABEAJUHWGPHZUGU,6957.75
SWSEBS2UXYZBSY2Y,5025.75
PCSEC86VA2HGZGXW,5512.5
BRAE9Z5TFXB7466Z,1901.25
LSKE99UKDTDN7HBM,8633.5
NKCEBHGB3FZSR5RH,8652.25
TOPEHZNTFAHEZMQA,134.5
PCSEAYRTZYDSPGMB,7366.25
SUDEGGAUR7EGNEQ6,7601.75
TSHEB72FPCF54KZU,6618.5
SHTEJGESKVEMGRYR,767.0
SHOE2NKQ4NXGAMYX,3853.25
BRAE3TSHUSSFTGHN,7274.25
NKCEAHPFWCZQQBAG,3528.25
BRFEHTTQHPRGKZZY,5256.0
BRAE2NF6XZZJ6EXG,3289.25
NKCEYUVRNDSCECZR,3181.25
PBXE84AFK5C9NMYV,4832.25
SUDEGVG4VNMYZWXT,3470.75
NKCE5W339WJ23R7Z,3367.0
CRTECN2QUBGAGPCK,5833.75
BRAEGG4P8HYHRAC9,4290.5
SWTED625BMZKJXHP,3544.75
BRAEB9SJZKCAY5SY,3911.0
WATE8E8PCQJAQNAP,9021.25
MUGECJZ2AHNZ2JHS,4338.5
PTPEFJHGGFH7GA3Q,4107.0
SHOEH76627H5HRHM,4923.5
CAGE9ABA6MTKHCNM,424.0
CAGE5NGBUYYEVZ8S,519.75
TOPEGH27GZK5XG7P,11108.0
JEAEGFMNENQ9G6AN,2018.0
MUGEBFGFYPNW7GQ8,2315.75
NKCECYNZGPXQ6HR6,4092.25
RTRDB8GKEGG5E3XG,3344.0
NKCED6HQP5QHVGGP,1588.25
PBXEBWY3QC5WCPHS,2062.75
NKCEY8KWTM9HZKDJ,6721.75
ACCDX8ZUCDGVWWWB,5508.75
CRGEB5MNWY2XSW7T,6258.0
PTPEJPZSEFCE3CZW,4920.75
RTRDMTEPFH3EVUM6,1645.25
SHOECQQFYNSCRFBR,3225.0
PBXEBQGHT5PYSDHM,121.25
SRTEH2FF9KEDEFGF,3902.5
TOPE75N4JHUJCF2H,8660.25
VAFEHQZYGH5HRJJP,53.25
BRAE3SGZXAPZKGDK,2184.0
SWDEJXHARNREQZVK,5712.0
SGLEGBV5ANNWWFZX,8809.5
SHIE7BZ9CHKNXZJU,414.75
BRAEE3RMMRRFQ9AD,3270.75
MUGEAGGKYSMHGRMH,2662.25
MUGEB3GZ4ZYHF24Z,2493.25
CRGEYZ5FGRTYJUT6,6201.25
TOPEGHZ7ARZWUVFS,2414.25
CAGE8PKGXDZFUTHH,3187.75
ACCEDTNRXHXZKH4G,5218.75
CRTECN2QZWHEJRGA,6222.5
PCSEBZQ5GMBXZFCF,4652.75
MUGECEVF7HGA3QMQ,3921.0
NKCE6ADEUEPXCHHK,2926.75
BRAEBBYRZKNYWP6G,2536.75
BBAEGGDE8QWHDEYB,4395.0
HOKE6KZCEZJFHQMY,4780.75
BRAEBBYRXQSD8NZX,2953.5
NKCEBF56FWWZ35HR,6566.75
MUGE5HG8VVGMBN5M,3267.25
BRAE5VA9GBGW7M7K,1486.75
CAGE7TVZ8PH9GJQU,9706.5
CAGE9ABATUHJ8G4X,9288.25
MUGECEVF4WG8JSZ9,3306.5
PCSE4V8HRKQH5A5V,8371.25
NKCE4VA4FAZ7FTFM,2106.25
BRAE3TSHPTKBVBHK,6154.5
ACCEGYP2FYTWVKUB,2169.0
CRTECN2QYKPMZGNZ,2912.0
NKCDXEGW7APJ97YS,4308.25
NKCE9ZVGJQNZWRN4,2705.5
HAREGG26DYDGEYRH,4822.25
DRPEEZNFGG9J9KAV,2610.25
MUGEACY8EWA937QD,4148.5
NKCEA5FHZSG4SVZP,4392.0
TSHEHU5RPEPPZW2R,5979.25
TSHEGF9S8MT2MVYV,3419.0
SUDEGGB4ES3XZCKP,2355.0
SHODPH4GEYW54KMT,5802.5
TSHE4F2GSWVGKG4D,6290.25
SHTEAGGFBZGZMFCF,4933.0
RNGEH8WN5KNHEFWJ,4686.25
RNGE9HDPGG8ZHUJZ,4413.5
PBXE9EJKVEFQQTJH,5405.0
NKCE4PZ6EPR4AKZY,842.0
TOPEHTU46JAHMV33,4850.0
NKCEBFWTYSW72YJK,2376.75
RTRDY9NVKBBNGYMU,2244.0
CAGE3GFTKFNDSUJY,7508.75
DREEAEB8XNSACHQB,4902.0
BZREBXM8H66HR9CX,4209.0
RNGEGMMBHHARCJ6H,2423.0
SHIE3QDHFYNWATPT,7465.75
MUGEBFGFYQPGRQ7Z,3722.0
RNGDTBQURWKKGMZZ,4305.25
AIREBA9VGER68DFH,8132.25
SHIEB7957MQBWGV3,4232.0
BKPEGXYVX4CG7UWX,5771.75
ACCEGZ6BBHDP23K8,4754.25
CAGEBPNU8TKUG6NM,2541.0
NKCE92XFXH9HH8BT,8079.75
NKCE9GR9GFMQ9TNZ,5014.0
TKPEGM48GGD2QKZN,11.25
BRAEBP5JJA24D2YS,6197.5
CAGE6FYKDHFFNFHG,7111.75
NKCE9PFFKZWGCJMV,2452.0
NKCEC87RGJPXNK7P,1443.75
SHODUMFYWHFYZRPY,4511.25
BRAE7DNYSXZSXG9S,3117.0
SGLEJJ7HNYDPKZ5P,5143.5
TSHEGMWZYCTCDAAZ,7037.5
PANEJQ54895A7GHS,9044.25
BRAED6C5RRZJBRNP,6502.5
PCSE4FKCGZNGNHFN,5453.75
NKCDRDWANFDGXSSK,137.75
MUGE9P6DPPNA4TUS,4282.75
CRTECN2QZ7DHY6GV,3524.75
BRAE6FMZTRTKVXU6,1970.5
LEAE8UKZFQRUTMAG,3782.25
SHOEAPCYWEAFSFU5,4717.25
SNDE5TY3KAETEZVX,8178.25
PBXEAFTPXKDJHHYN,3450.0
TOPEGWURCXSZMQ6H,3275.25
NKCE9Q93NGS45HGG,7251.75
SNDEAYZZWRXJSFWH,7296.75
NDNEJRAPFDZ3R2HG,1968.25
PCSEDP3UUPFTQFCU,7125.75
ACCEGH6SPZF3AHH6,4611.75
NKCEASN6ED2AZSGJ,4710.5
SCFEFTYSYX8BTZ4P,4910.5
PACEAYZANXQFKGZ3,2510.25
RNGEDAKCZHXRBG9G,6515.0
CAGE4Y4FXXUZS4ZP,7475.75
WATE7H4UYKQP363Z,10919.75
CCVEFX5JZHYKHHHF,1662.25
CRTECN2QSBAQ24DZ,5455.75
NKCECHX4UCYT4MYX,1721.0
WATDAZPXK8FSPGB4,9902.5
BRAEYFDEH7WZVJVG,3150.5
PACE43HFHCYGHYFK,4284.5
SRTEGUA8AG9HYTAH,3236.0
RTRE96W36WAJHRCF,3087.5
RAQDCNWAHJK9JNUY,280.75
BRAE5F3KGVA8WAJH,3133.25
WATDZ5HGDFYKXHYT,2273.25
JCKEJNEZZ2RFFJS5,5787.25
TUNEAUVH8G8ZPGYC,8371.5
SHOE44ZFTHMTAB6C,3899.5
BRAEE6YMGMKH7DCZ,7767.5
WATDGFAQBJJV2TTK,8607.25
MUGEBFGFYM5T6KNW,2900.0
SHOEBG6ZS2YREWHD,4837.0
PCSEAKVBBGJAZTHM,1969.25
ACCE73VFWU9JYKEF,3500.75
CRTECUWZDJRHRFNK,3170.25
NKCEBHGBYC9ZH3ZX,4264.25
NKCEGMUCHG4CKEGB,5689.75
NKCDXPZS8AZMWHZB,2171.25
CRTECN2QZFVWFX3S,5115.75
RTRDW77Y4D3QTBUG,1832.0
NKCEA4CAWGKJ5SBV,1320.25
CNSEHF8FGDHAGGGR,6478.5
ACCDXH5JHWBCNQQ4,3665.25
TOPE4DS8VQC2KCD8,998.75
BRAE7T3WRRVYQQEG,1744.75
CRTEB774DZGQJXV8,2097.5
BRAEGJFXWMKWGTG5,6367.25
TSHEE4WZVGVAMRAP,5588.75
CGCEEFZSURUGRCUG,3251.25
NKCE6NHRZA6ZXMTZ,5419.25
ACCE8XZMDHKTDDTY,5914.75
TOPE954FVTRCRXUN,5067.75
TSHE4S257WYDXMMX,6936.25
WATEHYW2GJW9SZYZ,2728.75
RTRE2TYN2XUPCEVH,3023.75
WLKEEXSVZWZHJEZW,11233.5
BRAECKHYDVMUMAKF,1569.75
PBXEAT5YDFMUMHGB,651.5
SHIEBG6FHNFZ2TFP,3660.5
SHIED3RY2QZE2EWM,3813.0
CAPEJZVUAZAEGXZ4,4770.5
WCKE2TFFFYHKUM68,5613.75
NKCECJPC5HBBSFKZ,2877.25
BRAE7NMEGDDHG3EX,2197.0
ACCDXFPYVJCMFGET,2815.25
FSEEJVNPNZHCXNNK,2260.0
CRTECN2QZ4NY4SSZ,4466.75
NKCDYQ3RYDG2GMZB,6071.75
SGLEJCHSWBMHVVNG,5174.25
TOPECCNVM4SN9F9C,6876.75
NKCE74XGF3PPAZ3Q,1249.0
WATE5HFYXEJRCTHF,4642.25
NKCE8V3ZHGGGHHDH,7361.0
PBXE9CVJ6G5NAQFH,3627.5
CNDEGVE65UWDPCYC,5081.5
CRTECN2QV9AZBYNG,2777.25
NKCDU4RZPGSGYY4Q,4448.75
NKCE9YFBR7ZAMBNJ,3126.25
SNDE6W34GVRVHWQQ,10048.25
CRTECN2QZCGZSGK8,3395.25
BBAEGFHEYYMKHFZR,3368.0
WATEAUABHVPGRBAS,286.0
CRTECN2QZVUWVHZZ,4729.25
ACCEGH6TMFNCMYJB,4222.5
PBXE9WEVHF3ZBQHW,8575.0
WCKE2TFYWX9QW3YC,4874.25
BRAEDTNZZRXBHZGZ,2451.25
BAREGJ8B2Y3TPUWH,7868.0
SHOEJCKBGJGZQJHN,2215.5
NKCE9Z2JQGBBSMTM,3775.25
TKPEHGWYVVXUYCFC,4962.75
CRTECN2QYGNYMVY8,4514.0
CAEE9Y64FBPZJUUH,8693.75
ACCDSY8EMKXZM8EW,8433.25
CRTECN2QUZBANWHU,5941.0
SHOEDH9AS48SSFBT,3822.25
CRTECN2QVV8ZGNWK,4481.5
NKCDU4RZ9HWVUHGW,8782.25
SNDEEFTGRRUZSFGJ,5041.5
NKCE8P4V9ZQCAYZN,3273.25
NKCE76TNSYX6ZQ9Z,957.0
CPLEHB7C7ZJGHEQU,4032.5
SRTEGWKKQABUMGFA,5580.25
NKCE38HBTZXEXXUG,5672.0
SHIE3QDGUEGVZJZ8,5351.0
NKCDY8S8ZPV4YA9S,4234.75
SHOECXPHZSFGQEZZ,8228.25
RNGE88FQ5SDTSFY7,5091.0
NKCEAP3S6G8ZEGB6,2852.25
JEAEHUHKEAEUXSRQ,4597.5
BRAE8WPSG4FMHFXF,1937.75
RTRE9JEGMXHZ5RHQ,5120.75
SHIEYSPPPDGTSGFX,5265.0
SHOECJD5WVAGAJEH,592.5
WATEYAP3FEPWZ8MH,6634.0
DREDRCRHDXQNK4RB,5703.25
TOPE7ZHZHT3SKKMN,5334.75
SNDEBBK5Z6KUQZZF,1591.25
WATE2RX9HHGBUQGA,7161.75
WATE2HX6JQGRXSEA,2913.5
NKCEDCT9MZNZ7D8B,1574.75
SHIE8HXEEX69GA9F,3867.0
DREDYSNRZGBFFVQ5,5304.25
NKCEACYSTHNBFPM8,5566.25
SUDEHYGURKV9EVVS,6327.75
BRAEDQDFPNUQGUVG,2394.75
PBXE829GJ3ESYYMQ,3436.75
LJGE9TGNUKM2UGWC,5700.25
MUGEBJ7XBXMRUHQC,3673.25
BRAEB9SJMFKF39ZW,2550.25
RNGE864HPZG96WNH,3871.0
BBAEFYZ9HC3R7CSS,5472.0
CRTECN2QZZHZH8H3,2605.25
NKCE49ATHBGGPBDM,3042.0
PBXE5ZJZBKZKFUTT,9326.75
SNDEGGQ6T4W8ZGKH,12899.0
NKCEANMPQABUFANV,3468.75
CLTEHE9FNVRTJUGS,3308.25
NKCE9PFFJHGX23NG,3989.5
NKCE6KGHUMC3DZNK,5873.25
NKCE96SXSGHZ3GZA,2872.0
BRAEBUHTHHJDHGHE,7139.0
SNDEGFJQBJWUCSHS,7722.25
ACCDQDYBPHVQ9EFC,8074.0
PBXE84AFH8Y5KECY,2120.0
KHREGSDWQZKZRY3J,5305.25
PBXECNFSCHBSHZM9,8506.0
CRTE8389ZZJS6W9E,1212.5
CRTECN2QZFRKZPZU,3751.75
TOPE89KYEWKHKRDZ,1788.75
SHIEBXSH3GADDFBP,2936.25
CRTECN2QYZ9YX3JR,4178.75
BDSEJJ7CMKHRWVCZ,7654.5
BRAE8EHTGUTM8CX2,10126.0
BRAE3P8YRJ69HFQT,8366.25
SUDEGGATYHBGUFTF,3702.5
NKCE9YX36WBZF9HJ,6187.25
SUIE5GT3DSJCKEJF,5131.75
RTRDYKU6F2GVR3CR,916.5
ACCEGH6TEZ8CAXEH,2603.75
SRTEGWKHGMNG3WRJ,5176.0
CRTECN2RCNAMYX2E,6817.0
ACCEGG9Z4QCZJZFJ,4542.5
BRAE4S2FYF4RN49J,2271.5
ACCEAHRFFH3S7HFF,3786.75
NKCE9JBQGG5PHQFM,4930.25
CRTECN2QYU4SJADV,4105.0
NKCECQYZNVJKFMJV,11244.5
RNGDUZU5VCYXAAEM,3915.5
SUDEHYGU9BE2XETS,6743.25
PBXE5YGWHPQGBWG3,4346.25
ACCEGGAYDMUYE7SK,7297.0
WATEHVHJHMCGW3VN,544.5
MUGECJZ23GD5PE6C,3542.25
PADEHZFHGHFQJAXV,5666.75
CRTECN2R7EXGYGFZ,4737.75
PBXEAJVRRK6MXXKH,2881.0
PBXE9YWJHHERWPG4,5668.25
WATDFFH3PGFHHZH8,14886.75
TOPEGFXU8ZAGFGNZ,2128.5
SHOE6ZQEB694PVM8,4175.5
ACCE8VP6PZDUEYGP,3422.0
WATE2FAGESM5B5VZ,7043.5
BRAECC9JFBY5YSEY,4314.75
BRAEYFDGSY9S9ZDW,4302.0
PELEGPF7C9YZFKDM,4137.25
ACCE93ZDRDSJD3RG,2902.25
NKCE9YFB9BZZ8ZFF,11937.5
JWSDZCHGUTXYUGZD,8856.0
SHIE7DFNVCR8KUGP,3853.0
NKCE9PFFXGMFX5PB,9199.75
CRTECN2RZRH6FTYZ,2466.75
JWSEJFMHQEMPZPGK,4470.0
CAGDU9C3ZBMU4CGR,1407.5
PACE5M34GBFNK4F3,6502.0
BRAE8WYHXBEEPGDQ,3332.25
RNGED78RWSSAT7GT,8825.25
NKCECGT3EZHNNRAT,6868.5
TMLED7GYYPZ3ZXGW,5510.25
PELEJUCGUAPQRCZX,8339.0
BRAE6ZCHHPFNBYNU,1978.25
SUDEGGATXD4BMC2G,4618.25
ACCEGG9Z5UB2JZYH,3217.5
LJGEJQ4NA7BDGQWZ,5112.0
JCKEJFPDVWBKHPFY,1629.75
RNGEE8ZHQ4HRM5WY,7266.5
CRTECN2QTCW9VDKR,3140.5
RNGE9HE7BKMCZGRV,5315.25
CRTECN2QYYFYJFTV,3018.0
BRADM8DWSRMPPNNX,1928.75
SHIE7VFYJHKGMXUR,3799.75
TOPE8ZAFC7JSV7QX,4236.5
VANEGQCWZYFZ3EYJ,6834.25
TOPEYY5YK3WEGGXX,4070.25
MNGEJPST4MZDZCHT,2974.75
PYJEJMHJNXJ6NGKC,8978.75
PADEHZFHCNQGWNNS,4209.25
CRTECN2QTWDYRKGW,3060.25
JWSDSCB7SN9AYB4B,8182.25
RNGEAM4ZFGWHWMYZ,4565.5
TOPEBRYGRZFGPMHP,2864.5
GLSEHEHZAZEJMRVF,5983.75
ACCDYAGVFPSCPQUY,6027.25
NKCEAJP6DGFV8AEZ,9992.0
CAGE7CJVGGHQYZDQ,2039.25
SNDEBYH3ZR33KSAG,6746.25
RTRDK7TWJB6RCNP9,4632.75
RTRE38HF433WXQJD,3764.0
SNDEDG6HNGZDZXBV,2213.5
BRAEDT7STGZCKHEB,5585.5
ACCE6RHG47DESW3Q,1855.75
CSPEGMVJJDYAYQYG,4756.75
NKCE2NKZT6GSFFV5,3231.5
ACCEGG9UN8H6EHGA,2481.0
WATEBJ37KBB3SEBR,4074.0
CRTECN2QSGCA6CSF,2991.75
SNDEHZPDSQZYASGW,4830.0
CAGEYUXVHFYNCAYD,7007.75
PCSE69MFRZSMYVRH,7954.75
SNDEHZPDZMNZGHEQ,3587.5
MUGEAGGKQMGVUVJT,2639.25
SHOE3S9BGUAGYE5X,4791.25
MUGEAGGKHU2G6PT8,3818.0
SHOEBG79YJZD9C33,2689.0
GKEE5ZZ34VYKVZEK,6883.25
ECIEF6JYYJ4PHJ3Q,5861.5
TROEGNRFM8FCZHHM,2785.75
SHTEYSPQAB9KAUVG,548.0
TWCEJFXH4EU2JZYG,8994.25
WATE6S3AMDGT5PVG,3510.5
MTYEJJAQYHCNKYZZ,5485.0
NKCE845VFGMPFFMT,8916.25
BRAE3WVQSRGWGHZV,7609.25
ACCEKFVWTGZXG5XK,5766.25
BRAEE6YMKFPSHPY3,2120.0
RNGE7M92FZVK8YWH,6845.75
BRAEBBMQWZYHZFGE,1842.75
ACCEGZ66ATHMFPJV,798.5
NKCE7UEX7BGCCZUY,4904.75
CAGE5H7JE9G72SHT,7760.5
TMLECXEQGAQXQKDG,5126.5
NKCECZFZY9YTKGTW,6132.25
SHIECFNXZ7W9GVYZ,4523.0
MUGEAGGKZEFKTZ8U,4144.75
SHOEFECFFYBYP9QR,4522.75
GLSEHB7RQJFVT6GS,3243.0
NKCEASCZU8K6XDGF,1827.75
LFHDBF4BY3PS66NG,4959.0
TOPE8E8NZP256K8G,4834.25
SNDE8SSKSSARAXHJ,7485.25
CRTECN2QXHGGKHWV,3918.0
JEAE9PP49AH6PQCW,4428.25
PCSE94FSG87ETQY2,6654.5
NKCEANMPNFSQ2K6X,4731.0
PCSECV3FTHYGHHHF,3252.0
GRKEG679TVS7CSPA,4563.25
TOPE7T5FMBVW9EFY,9537.25
SHOECXZEHUBBZYJV,5240.75
CCVEFV4RRNH9FAHH,3441.0
PCSDYQEVCWZSZH8V,9156.75
BRAE3TSHUSJJYKM7,2336.5
PADEHZFHMTEUP8YG,4468.25
NKCE6UWHWNCNCFQF,3516.0
MUGE6S9YXRP8MRQC,3996.0
WATECKYCCMXUQQMS,5956.25
SHOEJNY2X4CUEGTM,5611.5
PCSEAKVBCZWH8HDS,8822.25
NKCDV9SXP4JGZDKK,2631.25
BDSEJTHNGWVGWWQU,3044.75
BRAEYPGFGBRMAEZA,6855.75
NKCE8RB5WMWAWNHJ,3739.75
BRAECKHZRU4RZKQH,6704.0
HRCEHF2CDHYWPFVN,5593.5
WATE8PBFJDAEDYFQ,7137.5
TOPE8QNKRJHBNWNV,4879.5
PBXEAJVRSJFJ2APN,4014.25
SUDEHYGUFAGB4NYH,5464.0
JEAEGGDJGFGQXEKV,5189.75
SHTEDCZWPM7F8GAM,4288.25
WATE3NWHWKVDFSDN,2162.0
ACCECHF4VZYHA4XZ,4877.25
PTPDVPEXSANDVSJQ,4383.5
JEAEGHQYYGDYDBWY,1955.75
BRAEDSKCYE7BNKZ4,6053.0
VLBEHHWFMGCMEM4K,1457.75
TOPEHXA27XJFNSGV,2443.0
ACCEGH6SEMYHF34Y,4612.25
RNGE7M922VGFBDGG,4605.75
CRTECN2QZ4XUY84U,735.0
ACBECFGTYJ3E8VHE,5298.25
NKCE38HBJCPPYWKH,1118.5
BRAE7SQFKFNVCTB9,7324.0
TOPDW7AQKZZHFCZF,4649.75
SHIE9YDH4WHHEXZH,5767.75
DRPEHYHMEUCSYGKA,4618.0
RNGEHFDYGPHZ3HGA,3207.5
SHOEJVGTSYMHYFBX,4057.25
ACCEJGH5QTFVXQZT,5372.5
SHTEJT4D7Y9NTWYZ,2052.5
TOPEHZPAPFNFEHBG,600.0
NKCE52CSJEGXP6FR,150.5
PELEJUCGBEHUGMZF,11073.75
BRAEAREZG4Z6ZFK9,4541.75
TOPEHTU4FN9KEAHJ,5309.75
PCSE4FKC73GEKW7W,3418.25
CLTEGMYW2RWRDH5X,5852.0
ACCEGH6SF89RGZQD,4075.5
NKCEANMPGJAZ7BHE,4595.75
CRTEA7HAXMYFVGXX,3360.25
NKCDU4RZQRXJH4JF,1390.5
MUGEACY8QGADG5VG,5583.75
PBXEAXGWYNVUUQVY,3487.0
CRTECN2QVE4KYGWY,3253.25
NSTEJHERS3AKXUCW,4575.75
SHIEC8ASQEPSK7FZ,2081.0
RTRD8FNG6FUTFZQJ,3094.75
ACCDXFPFEDJCKQJ3,10560.0
BALEGFXZGSRGJKJY,3276.0
TOPEBQGGJ2C7Y7HZ,5930.5
CAGE6FZSZXFKQHZP,967.75
TKPEGFWWV9K7PMMD,7637.0
RPEEGGDJN5D8HFRM,4598.0
NKCE6TNZ9YGRGVNF,10463.5
CRTECN2QSGWBHY9F,7037.0
ACCEAHRFCDZHX2CG,9067.25
BRAE75HSN6B5RA9V,6907.25
TOPE8N3BAE7QWZFY,2922.5
WSCEFE4RZ8FRPQTD,4471.25
MUGEGWT5RGJJHSGN,5523.75
MUGEBJ7XHH5AVZV7,3812.75
PCSEC86VAFUTHBPX,8915.25
CRTECN2QUTDWFYGA,2776.0
NKCE9PFFYZYCKJFB,5023.0
RNGE864HRQRATXWQ,4488.25
WATE3GEY74QU9T35,2114.5
WATE9MVXX3DZ5UKD,4267.75
MUGEBFGFYWQRWYDN,2925.75
TOPE9KJEYHXXNBGC,2834.75
TOPECMKVPCH2ZZTY,5021.25
SGLEGBV8VGCMH77F,4489.75
WATDKB7JW7USDVZ6,2840.5
TLPEHAKFGFC9QPM4,5451.0
JUMEBKQJUZHCZHHM,2967.25
JWSEEBEEHKG4ZGRG,8209.25
CRTECN2QSUHUEZZD,4001.25
RNGE7M92NZGZSZJQ,4279.25
TOPE593EQJA4WW4Z,5294.5
BRAEDGM2YE58PGPV,3800.0
PBXEANB7QGWSP25F,3725.5
BRAEE6YMKGHQ4C4K,3550.75
TOPDYMSXBMBWVAS4,7904.25
MATEHFNMZVV9HYUV,10236.0
KRTEFG6MGMW4FQXF,1314.75
SNDEE34XM8XB6ZEX,1713.5
TOPE6HZUKGTFPUFP,6245.75
TOPE954FF9KJSZZN,4456.25
NKCECGVAZYG6SF5S,1481.25
PBXE4Q7YBMXJ53ZG,2714.75
ACCEGXDJMWKWYHPP,4475.0
PCSE6X3Y2HSTHBDW,6651.5
SHIEBZB4U7BKYJTU,3786.25
NKCEAFC847CUEYZX,3777.0
CAGE9JEFFUQQNQHW,10067.75
TSHE8Z4HYFUWCVYB,6670.25
NKCDU4RZURUGSZZ6,3976.0
SHIEFFFPMFH8SZZM,4195.0
DIAEJ6Z8BEDTGGYY,4333.5
RNGEDAK9ZZR8MGY4,6192.5
SNDEHZQ7BSZZJRDT,4984.25
NKCEAP3S6TDGRDVY,10092.75
MUGE8DTSSBPHDZWA,2856.25
SNDEARQ3EKZNNP4M,10832.0
ACCEGKTTMBKZT7JR,2324.75
NKCEAVZ3QEWNHQNR,5979.0
SHTEJRCHC5KESPYX,3564.5
BBAEJK8Z5UD97GTP,3250.75
PCSEDUT3FS8UTKJQ,6808.75
BRAE3Y4ZZZJHJVHV,8394.5
PTYEDMT4FRUDXZCP,3612.25
PCSEAH5WZNWYJE8M,8081.5
BRAEEG6TFTNVFCRM,2945.25
PACEFVZZ2R8ZE5ZH,3811.25
TOPDU2HZGVTAAQJW,4815.75
BRAEBBMQY4T7DFH6,2778.25
TSHEHU5RXEVXH3P7,5452.5
WATECSW5VZSZETGS,4518.25
SGLEGBV7K2MGEGRB,7313.5
WATDP5NHENJGYYXF,6163.5
SUDEHYGUYBE5KGMW,4722.5
RTRDQZ8Z72FRMKGX,2573.0
SHIEAVW5MYGJ4BRR,380.75
ACCDXH5JXWABF7GH,4128.75
TOPE8TQDQDHZZY9S,5192.5
BRAE3TSHXZFRYAZQ,5316.0
ACCDXFAGYWTHWYGT,2361.0
SWSEBGYUPTH7GSHE,6594.25
DREE9QSVADZEKNJS,4867.25
PBXE5CFUTETHWRZH,5796.5
SHIED78RWUCDPFRH,5882.75
NKCE69P8PC5VR7NY,3995.75
WATEHYHNCANKP5VZ,6474.5
NKCE7PZPRZFYKW3M,3970.25
CHUEF7C3NGW54VJJ,4437.5
NKCE9Q93CUEMGS46,5185.0
RTRE2V3Y6FWVHDW5,3800.25
BRAEE4UZZVMJUGE3,1885.75
SHIE7G263EDTSDU5,4523.5
BRAE3TSHRTGMZA44,7783.0
TOPEHWDGQD9NR6QD,2259.0
NKCEFMZUJEWN3HXY,2650.5
CBKEHJUH7WPZEEGK,6293.5
CRTECN2QXZUFSGHZ,5237.25
SWSEBHCPAKWKRDPR,8994.75
ACCEAMGZGAQWYYMV,3973.0
CRTECN2QZGUQPR93,4177.25
SHOEJBSZ8FS9SNJR,1257.75
BRAE6ZCHV2ZAA9US,3472.25
SUDEGGB28WWTGFUY,6572.25
ACCEAHRFFKPGUGGX,4734.25
BRAEBBMQZDMZAEBV,1635.75
NKCED6EXXSFZGQP8,1768.75
SHTECN9HFVZYP2V9,3735.25
RTREAX3DGDRSSYFT,4179.75
RNGE65FGK2TMUC2A,9126.25
ACCEGZ8EWQ7RMZTZ,6764.0
BRAE4DHZEAPXQVRG,2281.0
CAGECHKFAMZCKPFT,2843.25
PCSE6SJG9SMAGGHY,4184.75
SNDE25SG2HRJF9JH,3155.25
NKCEAVZ3FCDEUZHG,5317.0
ACCEG7AG8EUZRRZY,6194.0
SHOECH3WZHFCVZWU,4017.0
TOPEAKYKZKRHPMHX,3888.5
NDNEJRAZNQBZQWQK,12151.5
MUGEBFGFDQYJG5TW,5385.0
BBAE9K7BXFUTDNBK,4094.0
RTRDYPA4PJHCJCGF,8636.25
TUNE8FWQBS7TVVT7,5473.25
NKCEGMUABCRGUZPE,3708.75
RNGE7M92KAQWUBCS,2172.0
